variavel: Total das Receitas;;;;;;;;;
caminho: /Finanças Públicas/Tributos Federais/Total das Receitas;;;;;;;;;
fonte: Ministério da Fazenda - Secretaria da Receita Federal. ;;;;;;;;;
agrupador: Município;;;;;;;;;
descricao: ;;;;;;;;;
Município;ibge;latitude;longitude;2010 (R$);2011 (R$);2012 (R$);2013 (R$);2014 (R$);2015 (R$)
Aceguá;4300034;-31,86075999999;-54,16705999999;3490209;4043630;5992438;7666887;9189008;10049866
Água Santa;4300059;-28,1672;-52,03099999999;2679028;2806021;3827004;4525025;4630246;5121326
Agudo;4300109;-29,6447;-53,2515;23870975;32083380;41874508;39053479;48745560;54153755
Ajuricaba;4300208;-28,2342;-53,7757;6478374;9406409;11921166;12350350;12331582;14395810
Alecrim;4300307;-27,6579;-54,76489999999;1393096;1588927;2753073;3337758;3418303;3676196
Alegrete;4300406;-29,79019999999;-55,79489999999;57452988;66287912;87057618;98560227;98339460;111491220
Alegria;4300455;-27,83449999999;-54,0557;1032143;1328409;1672126;2181581;2702972;3519463
Almirante Tamandaré do Sul;4300471;-28,10859999999;-52,9119;2201468;2929202;3719045;4576160;5001926;6355663
Alpestre;4300505;-27,2502;-53,0341;2532951;2795850;4227676;4782355;5617333;6479419
Alto Alegre;4300554;-28,7769;-52,98919999999;909304;1171621;1514005;1635741;1722457;2107722
Alto Feliz;4300570;-29,3919;-51,3123;2665977;2665274;3367119;4604715;5391472;6295938
Alvorada;4300604;-29,99139999999;-51,0809;145009862;181503678;207987291;216875139;210178812;205840861
Amaral Ferrador;4300638;-30,87559999999;-52,25099999999;1259296;2095851;2280404;2932489;3217803;3345203
Ametista do Sul;4300646;-27,3607;-53,183;2344390;2703563;4914649;5775936;6695899;7122628
André da Rocha;4300661;-28,62829999999;-51,5797;1306702;1429491;1766805;2079527;2262988;2325195
Anta Gorda;4300703;-28,96979999999;-52,01019999999;5862118;7701367;12529720;15761620;17168342;21393953
Antônio Prado;4300802;-28,8565;-51,2883;27585217;36063254;46944392;52495550;59455869;62889896
Arambaré;4300851;-30,9093;-51,5046;2739994;2798954;4144522;4519923;5070087;5197902
Araricá;4300877;-29,6168;-50,92909999999;15526057;13832960;16727530;20305059;22481397;20220757
Aratiba;4300901;-27,3978;-52,29749999999;5577207;6766967;9333959;10050804;9496283;10135227
Arroio do Meio;4301008;-29,40139999999;-51,9557;49963563;53983600;63485713;80157702;89189509;95927042
Arroio do Padre;4301073;-31,4316;-52,41709999999;1139316;1413392;2215212;2369648;2780335;2890055
Arroio do Sal;4301057;-29,5439;-49,88949999999;5247899;6468444;10838084;11801987;13406188;14648694
Arroio do Tigre;4301206;-29,3348;-53,0966;6787246;7275069;10240924;13449583;13616709;14977556
Arroio dos Ratos;4301107;-30,0875;-51,72749999999;6797541;8146600;10726614;11309101;11153542;12358095
Arroio Grande;4301305;-32,2327;-53,08619999999;11463953;12318466;15457506;16429217;17954728;19024353
Arvorezinha;4301404;-28,87369999999;-52,1781;5362955;6352245;11586218;14293722;17154276;18840188
Augusto Pestana;4301503;-28,51729999999;-53,9883;9108236;10501395;13065639;16981951;18610399;15971955
Áurea;4301552;-27,6936;-52,0505;2078124;2735720;3858901;4711368;6320711;6390716
Bagé;4301602;-31,32969999999;-54,09989999999;114262892;145909662;187664765;243657845;228643499;261015948
Balneário Pinhal;4301636;-30,2419;-50,2336;4447276;5621944;7421582;7568528;8797915;10211517
Barão;4301651;-29,3725;-51,4949;11114971;14615627;18272033;16014895;20601230;19299044
Barão de Cotegipe;4301701;-27,62079999999;-52,3798;8319668;9126188;10248368;12929525;16547310;20809928
Barão do Triunfo;4301750;-30,38909999999;-51,73839999999;984979;1171029;1909908;2295375;2695831;2822670
Barra do Guarita;4301859;-27,19269999999;-53,7109;314578;666369;1022513;1176239;1326295;1329526
Barra do Quaraí;4301875;-30,2029;-57,5497;2824568;3438198;3823709;4788376;5496418;6326871
Barra do Ribeiro;4301909;-30,2939;-51,3014;12901634;17237794;22997273;23473292;25118870;27493842
Barra do Rio Azul;4301925;-27,4068;-52,4084;396394;514577;646925;757521;1095877;1177954
Barra Funda;4301958;-27,9205;-53,03909999999;9743054;9455572;9364477;9038609;7137736;8275883
Barracão;4301800;-27,6739;-51,45859999999;3997156;3959418;5921101;5929818;5449869;6138282
Barros Cassal;4302006;-29,0947;-52,58359999999;4189054;2623961;4190637;4602689;5137764;5131305
Benjamin Constant do Sul;4302055;-27,5086;-52,59949999999;808612;816041;1025661;1267448;1606046;1659899
Bento Gonçalves;4302105;-29,1662;-51,5165;691463197;877068844;963714921;1034285768;1070584437;1008162433
Boa Vista das Missões;4302154;-27,6671;-53,3102;1194332;1571265;1925172;2543744;2762194;3269471
Boa Vista do Buricá;4302204;-27,6693;-54,10819999999;4782512;5913543;8927663;12732669;10877835;11624900
Boa Vista do Cadeado;4302220;-28,5716;-53,8138;2152184;2650953;3041299;4011075;5125572;5728976
Boa Vista do Incra;4302238;-28,8092;-53,3874;1907799;2234988;2429242;3105764;3340967;4253235
Boa Vista do Sul;4302253;-29,35439999999;-51,6687;3192637;3914726;4912451;4860271;7113727;9083162
Bom Jesus;4302303;-28,66969999999;-50,42949999999;7415201;9695523;12689738;12543140;12465688;13313660
Bom Princípio;4302352;-29,4856;-51,35479999999;31264943;34810581;47400007;58074655;62450875;71702120
Bom Progresso;4302378;-27,53989999999;-53,8716;1885772;2409000;1593903;2119343;2479803;2907595
Bom Retiro do Sul;4302402;-29,60859999999;-51,94639999999;14603415;14926958;15690451;16282323;15259906;17447743
Boqueirão do Leão;4302451;-29,3046;-52,4284;1714936;1850845;3667596;4365268;5251612;5242885
Bossoroca;4302501;-28,72909999999;-54,9035;3341410;4250606;5194918;6584887;6721829;8135009
Bozano;4302584;-28,36746;-53,77223999999;1203984;1331664;1712941;1941630;2172759;2545027
Braga;4302600;-27,6173;-53,74049999999;3906562;2125216;2402304;2565528;2743125;3028572
Brochier;4302659;-29,5501;-51,59449999999;2536449;2773959;5457216;5825473;5669534;6075791
Butiá;4302709;-30,11789999999;-51,96009999999;18465357;21591498;26956955;28883712;31441731;33693520
Caçapava do Sul;4302808;-30,51439999999;-53,4827;25192589;31806453;42053820;52167730;58004116;48722408
Cacequi;4302907;-29,8883;-54,822;4687076;5486244;7556356;8222431;9675675;10787917
Cachoeira do Sul;4303004;-30,033;-52,8928;87117446;94026190;128567778;136956209;149012847;149449005
Cachoeirinha;4303103;-29,94719999999;-51,10159999999;1641235419;1724497450;1952750337;2239551168;2231632479;1943145394
Cacique Doble;4303202;-27,76699999999;-51,6597;1296302;1404031;2134298;2387233;2814168;3395159
Caibaté;4303301;-28,2905;-54,6454;5224397;6309333;7447296;8432165;9394932;10408732
Caiçara;4303400;-27,2791;-53,42569999999;889266;1074023;1744685;2114166;2027198;2395505
Camaquã;4303509;-30,8489;-51,80429999999;92616176;104611791;126210974;156574685;183564144;177030427
Camargo;4303558;-28,588;-52,20029999999;2542510;3109726;4911737;6153471;7729187;10031046
Cambará do Sul;4303608;-29,0474;-50,1465;10759020;10145928;11163649;8417833;8907251;10061288
Campestre da Serra;4303673;-28,7926;-51,09409999999;7779122;10748097;15800197;20191724;27456149;30892382
Campina das Missões;4303707;-27,9888;-54,8417;2079478;2329887;3701237;4175110;4950677;4989816
Campinas do Sul;4303806;-27,7174;-52,6248;4807177;5765347;8886706;9275772;9945268;10802434
Campo Bom;4303905;-29,6747;-51,0606;271040050;329797428;419590176;527884571;656535160;531832318
Campo Novo;4304002;-27,6792;-53,80519999999;9465466;12239742;15745962;17661867;19853959;25334884
Campos Borges;4304101;-28,8871;-53,00079999999;1694331;2046038;2756145;3392749;3779159;4494921
Candelária;4304200;-29,66839999999;-52,78949999999;16559995;19315907;28751032;32435102;33010340;34613824
Cândido Godói;4304309;-27,95149999999;-54,7517;3973057;4830908;6990259;8718385;11419107;11138826
Candiota;4304358;-31,5515;-53,6773;38226356;40582846;43556072;39751285;39061024;41964061
Canela;4304408;-29,356;-50,8119;39870108;45445375;80561737;92593920;99744342;109592023
Canguçu;4304507;-31,396;-52,67819999999;17013480;19759029;30886471;35523205;39157221;43010890
Canoas;4304606;-29,9128;-51,18569999999;2624946570;2312592310;1885268878;2033340096;2017403804;1389022002
Canudos do Vale;4304614;-29,3187;-52,23449999999;818434;951416;1208887;1283865;1609793;1887201
Capão Bonito do Sul;4304622;-29,76419999999;-50,02819999999;1681045;2283558;2460138;2818475;2872826;3393645
Capão da Canoa;4304630;-29,6397;-49,95989999999;49149221;62184488;82005017;91389361;106616332;107616921
Capão do Cipó;4304655;-28,904;-54,7;2368938;3115951;3129770;4274356;5047995;5454669
Capão do Leão;4304663;-31,75649999999;-52,4889;19302126;20991773;28476593;32262489;35075959;36416716
Capela de Santana;4304689;-29,6961;-51,328;5844167;5974847;11344507;17638146;20639777;20348288
Capitão;4304697;-29,26739999999;-51,9853;1446130;1633512;2685570;3012112;3243644;3619686
Capivari do Sul;4304671;-30,1382;-50,51509999999;10091332;9451960;12772863;15891416;14548956;14574574
Caraá;4304713;-29,78689999999;-50,4316;884984;1018739;1840372;2169177;2229503;2665821
Carazinho;4304705;-28,2958;-52,7933;117151174;134009827;179948899;209360984;206074001;212340792
Carlos Barbosa;4304804;-29,2969;-51,50289999999;228749461;294628268;344746497;395394546;428407884;502448906
Carlos Gomes;4304853;-27,71669999999;-51,9121;840496;817390;1003985;1407501;1390730;1417749
Casca;4304903;-28,5605;-51,98149999999;29255612;32927131;40992779;42819196;49913691;46794256
Caseiros;4304952;-28,25819999999;-51,6861;1741382;1639006;3373779;2674651;3076405;3461648
Catuípe;4305009;-28,2554;-54,01319999999;6679647;7241109;10036519;11304894;12452910;13277459
Caxias do Sul;4305108;-29,1629;-51,1792;2905340234;3482230469;3694955342;3905634787;3795848749;3525457096
Centenário;4305116;-27,7616;-51,99839999999;1159314;1414289;2035511;2234107;2663630;2966464
Cerrito;4305124;-31,84189999999;-52,8004;1453511;1661819;2339415;2769773;3470666;3468980
Cerro Branco;4305132;-29,657;-52,9406;1079198;1103349;1752892;2165488;2532708;2276985
Cerro Grande;4305157;-27,6106;-53,1672;517001;640151;947476;1189304;1417365;1702692
Cerro Grande do Sul;4305173;-30,59049999999;-51,74179999999;4517506;4546929;6872703;7686026;8108189;7461367
Cerro Largo;4305207;-28,1462;-54,7428;52967206;73259631;88375320;100298308;120354371;123936899
Chapada;4305306;-28,0559;-53,06649999999;8129205;8959401;12968841;15592203;15717678;17788555
Charqueadas;4305355;-29,9625;-51,6289;56806453;69015901;81255963;82722208;87129840;87356655
Charrua;4305371;-27,9493;-52,015;1324139;1712554;2021855;2172593;2456179;2793699
Chiapetta;4305405;-27,92299999999;-53,94189999999;2918705;3897490;3881470;5989996;6024944;5892518
Chuí;4305439;-33,68659999999;-53,4594;5829686;6987674;11243740;14111178;18578416;39719459
Chuvisca;4305447;-30,75039999999;-51,9737;1463464;1812741;2562436;3001431;3773345;2710730
Cidreira;4305454;-30,16039999999;-50,2338;4403238;5186685;8755160;10054158;12057315;13643595
Ciríaco;4305504;-28,34189999999;-51,87409999999;1743929;1780797;2837771;3240796;3572376;4041753
Colinas;4305587;-29,38149999999;-51,8526;1579796;2167244;3350813;3728404;4423512;4445539
Colorado;4305603;-28,5258;-52,9928;4287321;4690921;5451910;5436734;5660908;6747072
Condor;4305702;-28,2075;-53,49049999999;6190977;6998128;8274215;10466022;10766408;13403323
Constantina;4305801;-27,73199999999;-52,9938;6409314;7601429;11696184;14241025;15923412;16641163
Coqueiro Baixo;4305835;-29,1722;-52,0989;769329;978446;1232135;1271231;1531876;1731366
Coqueiros do Sul;4305850;-28,11939999999;-52,78419999999;1102921;1249205;1939796;2286870;2400461;2724268
Coronel Barros;4305871;-28,39219999999;-54,0686;1493798;2122961;3263647;4049844;4012661;4886854
Coronel Bicaco;4305900;-27,7197;-53,70219999999;2918176;3952949;4675453;5678554;6560900;7762178
Coronel Pilar;4305934;-29,2684;-51,68789999999;732510;774336;962568;1148766;1139136;1226447
Cotiporã;4305959;-28,9891;-51,69709999999;5250787;5530912;8146688;8826521;9518221;10190912
Coxilha;4305975;-28,128;-52,3023;3125938;3174146;4880208;5968578;5614865;6684300
Crissiumal;4306007;-27,4999;-54,0994;10211048;12671124;17556571;19767246;20008667;20877401
Cristal;4306056;-31,0046;-52,04359999999;4109058;4774287;7384166;8568401;9867035;10141937
Cristal do Sul;4306072;-27,452;-53,24219999999;1064807;1327485;1592889;1846360;2224092;2311206
Cruz Alta;4306106;-28,645;-53,60479999999;88147056;103844956;126727420;146988162;152626504;166636185
Cruzaltense;4306130;-27,6644;-52,6492;1119544;1372918;1680085;2105454;2082492;2332330
Cruzeiro do Sul;4306205;-29,5148;-51,9928;18139098;20890736;35627679;39545178;40478233;40492279
David Canabarro;4306304;-28,38489999999;-51,84819999999;2736430;3253224;4492933;5529327;5456063;6501029
Derrubadas;4306320;-27,26419999999;-53,8645;1439031;2007528;2446493;3053082;3144523;3155751
Dezesseis de Novembro;4306353;-28,219;-55,0617;618176;638710;907948;1101210;1164436;1204878
Dilermando de Aguiar;4306379;-29,7054;-54,2122;1327596;768089;1058462;1194999;1456679;1466045
Dois Irmãos;4306403;-29,5836;-51,08979999999;113117604;135594293;170848553;192939838;241749484;255363371
Dois Irmãos das Missões;4306429;-27,66209999999;-53,5304;1309745;2023699;2164928;2769259;3317731;3519707
Dois Lajeados;4306452;-28,983;-51,83959999999;1925602;2219813;3559430;4084147;4732131;5116138
Dom Feliciano;4306502;-30,70039999999;-52,1026;5529784;6069682;7592380;8981938;9661344;10329832
Dom Pedrito;4306601;-30,9756;-54,6694;30258265;32020804;40272563;46598184;53251692;61551219
Dom Pedro de Alcântara;4306551;-29,3639;-49,853;2022992;1779840;1250825;1489206;2248486;2560266
Dona Francisca;4306700;-29,61949999999;-53,36169999999;1255955;1632037;2285613;2840682;3108273;3220126
Doutor Maurício Cardoso;4306734;-27,5103;-54,35779999999;2163320;2418685;3283503;3672320;3974284;4204620
Doutor Ricardo;4306759;-29,084;-51,9971;1633798;2440228;2964321;3510017;4344695;4089866
Eldorado do Sul;4306767;-30,0847;-51,61869999999;168027919;245131215;238512444;303947964;351759271;345058130
Encantado;4306809;-29,23509999999;-51,8703;67473221;74165355;98829202;106084112;114055512;138249103
Encruzilhada do Sul;4306908;-30,54299999999;-52,5204;10847541;11612780;16059276;18921511;19556700;23994248
Engenho Velho;4306924;-27,706;-52,91449999999;593330;653132;692319;761078;1074218;1053240
Entre Rios do Sul;4306957;-27,5298;-52,73469999999;2575753;3038796;3729086;4101834;3878857;4078036
Entre-ijuís;4306932;-28,3686;-54,26859999999;5843315;6593758;9148779;11616610;12767215;12891997
Erebango;4306973;-27,85439999999;-52,3005;1519672;1837353;2508673;2602120;2648676;4079442
Erechim;4307005;-27,63639999999;-52,2697;323169934;400345159;496760869;524818581;565805480;541497834
Ernestina;4307054;-28,49769999999;-52,58359999999;2055004;2899569;3933785;4713129;5284470;7627379
Erval Grande;4307203;-27,3926;-52,57399999999;3181110;4054169;5209677;5822611;6352160;9364956
Erval Seco;4307302;-27,5443;-53,5005;4837228;5853997;7216329;7855231;7912969;8449935
Esmeralda;4307401;-28,0518;-51,1933;2748382;3299246;4550451;5230450;5590602;6671986
Esperança do Sul;4307450;-27,36029999999;-53,9891;1551716;2037842;2633848;2696912;3561298;3546217
Espumoso;4307500;-28,7286;-52,8461;16734280;21140574;29092537;35450579;38754220;43530642
Estação;4307559;-27,91349999999;-52,2635;9472451;10985819;14109675;18159827;20544844;23041482
Estância Velha;4307609;-29,6535;-51,1843;81858338;91287319;121278912;135710330;160871013;155884427
Esteio;4307708;-29,852;-51,1841;272953595;310962950;344784520;378129080;405809039;432180418
Estrela;4307807;-29,5016;-51,9605;81902416;96819499;125598675;132111177;137901146;123926171
Estrela Velha;4307815;-29,17129999999;-53,16389999999;2182437;2919571;3102057;4041008;4716583;5257024
Eugênio de Castro;4307831;-28,5315;-54,15059999999;2049347;2362076;2487562;3267927;3420647;3651373
Fagundes Varela;4307864;-28,8794;-51,7014;3554571;4056499;5049747;5582721;6289393;6935120
Farroupilha;4307906;-29,2227;-51,3419;416369699;476293244;537409827;570239007;601091589;591990804
Faxinal do Soturno;4308003;-29,5788;-53,44839999999;8134061;9422329;12987932;13950372;15039818;17148740
Faxinalzinho;4308052;-27,4238;-52,67889999999;1060189;1507205;1833550;2188047;2394192;2860308
Fazenda Vilanova;4308078;-29,5885;-51,8217;11937583;12921383;17529323;13245159;5855805;4799763
Feliz;4308102;-29,4527;-51,30319999999;23619947;27201076;33555268;40863695;44815488;42420959
Flores da Cunha;4308201;-29,02619999999;-51,1875;122753786;165301583;208926589;255928755;272409841;267777832
Floriano Peixoto;4308250;-27,8614;-52,08379999999;925890;1138390;1164020;1086573;1287339;1499331
Fontoura Xavier;4308300;-28,9816;-52,34449999999;4941777;5617702;7521115;9803757;11471391;11574673
Formigueiro;4308409;-30,00349999999;-53,49589999999;2827598;3536357;4737617;6132628;8746240;6824313
Forquetinha;4308433;-29,3792;-52,0917;1527535;1922733;2345825;2275165;2659470;2973736
Fortaleza dos Valos;4308458;-28,7986;-53,22489999999;3755587;4471383;5966543;6541718;7426972;7384197
Frederico Westphalen;4308508;-27,35859999999;-53,3958;38298569;49013651;66169224;79241403;85178627;90189339
Garibaldi;4308607;-29,259;-51,5352;171753687;208685729;257844918;291580321;317912044;328588587
Garruchos;4308656;-28,1944;-55,6383;2325781;1991875;2407873;2644255;1685005;1870283
Gaurama;4308706;-27,58559999999;-52,0915;7637900;7474776;10507560;11702176;12338643;12826525
General Câmara;4308805;-29,90319999999;-51,7612;2570170;3287629;5793521;6903985;8746198;8827237
Gentil;4308854;-28,4316;-52,0337;1491315;1828111;2539143;3053605;3083735;3054136
Getúlio Vargas;4308904;-27,8911;-52,22939999999;29674186;39252878;48343023;47124591;51349296;59627570
Giruá;4309001;-28,02969999999;-54,3517;16363721;18546452;25196627;27463812;28439073;29813529
Glorinha;4309050;-29,87979999999;-50,7734;37170082;47885793;55753499;55506754;53203884;52637893
Gramado;4309100;-29,3733;-50,87619999999;120488315;146490246;223722824;242821704;264828009;292712382
Gramado dos Loureiros;4309126;-27,4429;-52,9149;454105;603567;790637;771622;1000380;1122687
Gramado Xavier;4309159;-29,2706;-52,5795;1241565;1731745;1486739;1533640;1834667;1888136
Gravataí;4309209;-29,94129999999;-50,98689999999;1118567534;1286396045;1110091257;1533281154;1660998142;1495257673
Guabiju;4309258;-28,5421;-51,6948;1398237;1480095;2281217;2612163;2682914;2779529
Guaíba;4309308;-30,10859999999;-51,3233;903411927;936632327;1108891212;1281578285;1431113614;1450641632
Guaporé;4309407;-28,8399;-51,88949999999;44370439;51998540;74529745;87075889;94590537;99922503
Guarani das Missões;4309506;-28,1491;-54,56289999999;8787632;9848312;12671889;14925126;15386752;15912043
Harmonia;4309555;-29,5456;-51,4185;5153806;6483306;9333796;9949084;11949071;14117646
Herval;4307104;-32,024;-53,39439999999;2205489;2353151;3384611;3854307;4634877;5534661
Herveiras;4309571;-29,4552;-52,65529999999;1005461;1193963;1682654;1958522;2115242;2139735
Horizontina;4309605;-27,6282;-54,3053;231090745;323702928;285656928;603598646;611205420;334883099
Hulha Negra;4309654;-31,4067;-53,8667;4306115;4562885;5346285;38674294;12953929;17258485
Humaitá;4309704;-27,56909999999;-53,96949999999;3408364;9420583;24154077;11002835;7060665;8252630
Ibarama;4309753;-29,4203;-53,1295;1825701;2022947;2697955;3358022;3543244;3983222
Ibiaçá;4309803;-28,0566;-51,8599;4136748;8570900;11483548;15019225;12768772;11451063
Ibiraiaras;4309902;-28,37409999999;-51,6377;8722645;11539528;15183068;17972095;19096917;22547497
Ibirapuitã;4309951;-28,6247;-52,51579999999;649647;1203173;1954799;2853967;2653552;3034735
Ibirubá;4310009;-28,63019999999;-53,0961;48473199;61343169;80508579;99214226;99726305;94446724
Igrejinha;4310108;-29,56929999999;-50,79189999999;117971173;146514722;179613539;202823209;188329895;175494736
Ijuí;4310207;-28,3881;-53,92;136085412;169266180;228828282;254696610;287069462;292047546
Ilópolis;4310306;-28,9282;-52,12579999999;2968877;3299064;5019820;6854463;8234194;8625877
Imbé;4310330;-29,9753;-50,1281;8067937;10312517;22054400;27395612;32720817;34286305
Imigrante;4310363;-29,3508;-51,7747;22796463;26943496;31883313;36416920;33040027;22769952
Independência;4310405;-27,8354;-54,1886;4417346;3146958;4801635;5245177;5867109;6461105
Inhacorá;4310413;-27,8752;-54,015;954696;1112961;2219710;2064006;2325329;2657563
Ipê;4310439;-28,8171;-51,28589999999;4420486;5387889;7727067;9110771;9044953;9442010
Ipiranga do Sul;4310462;-27,9404;-52,4271;1644731;1953941;3255887;3579097;4080424;4193289
Iraí;4310504;-27,1951;-53,2543;2953047;3009825;4644431;5324255;5952889;5935058
Itaara;4310538;-29,60129999999;-53,7725;3903531;4289415;5742271;5965194;6335622;6389843
Itacurubi;4310553;-28,7913;-55,2447;2199009;2259311;2599876;2956007;2382925;3027311
Itapuca;4310579;-28,7768;-52,1693;887273;896827;1145810;1315267;1410809;1593747
Itaqui;4310603;-29,131;-56,55149999999;34109096;33928253;45661374;59270419;65758966;68179024
Itati;4310652;-29,48832;-50,11357999999;1089609;1337574;1613211;1747203;2149742;2283472
Itatiba do Sul;4310702;-27,38459999999;-52,4538;1422327;1137479;1853638;1791375;2176248;2381970
Ivorá;4310751;-29,52319999999;-53,5842;1619410;1768627;2033199;1338041;1099304;1149160
Ivoti;4310801;-29,59949999999;-51,1533;60338529;70798094;88672680;96521462;102358251;111183644
Jaboticaba;4310850;-27,63469999999;-53,2762;1686471;1872673;2487987;2937073;3489441;3667036
Jacuizinho;4310876;-29,02199999999;-53,05369999999;1366656;1530334;1932730;2120304;2603608;2772270
Jacutinga;4310900;-27,72909999999;-52,53719999999;2996865;3680027;5215673;6228714;5557846;6143509
Jaguarão;4311007;-32,5604;-53,377;16192008;19561886;27161967;34392087;39774731;40045628
Jaguari;4311106;-29,4936;-54,703;5860280;6787074;9022866;10690640;11744171;12497815
Jaquirana;4311122;-28,8811;-50,3637;2651699;2890524;4017840;4060172;4264813;4586614
Jari;4311130;-29,2922;-54,2237;1656876;1338632;1253482;1266913;1719515;1748865
Jóia;4311155;-28,6435;-54,1141;3765504;4621992;5078460;6927245;9096750;8154073
Júlio de Castilhos;4311205;-29,2298;-53,67719999999;16814468;17694810;22676192;27255303;30331312;33383275
Lagoa Bonita do Sul;4311239;-29,48819999999;-53,0138;1174994;1247765;1453713;1681385;1994035;1836254
Lagoa dos Três Cantos;4311270;-28,56759999999;-52,8618;1038813;1248561;1839007;2091664;2481098;2889256
Lagoa Vermelha;4311304;-28,20929999999;-51,52479999999;37839393;47844948;58821853;65497288;70442652;70683782
Lagoão;4311254;-29,2348;-52,7997;742970;923797;1554107;2012680;2059088;2085228
Lajeado;4311403;-29,45909999999;-51,96439999999;305652849;367099462;496722252;518267760;593612110;601664187
Lajeado do Bugre;4311429;-27,69129999999;-53,1818;983024;878046;1119113;1470678;1989358;1714503
Lavras do Sul;4311502;-30,80709999999;-53,89309999999;3609114;4264465;5339745;6058000;6467505;6751991
Liberato Salzano;4311601;-27,60099999999;-53,07529999999;1413233;1589777;2345698;3056374;3514289;3653121
Lindolfo Collor;4311627;-29,58589999999;-51,2141;10081274;10229207;11186416;12271588;14531551;12991615
Linha Nova;4311643;-29,4679;-51,20029999999;975016;1090979;1838748;2150329;2329179;2261063
Maçambará;4311718;-29,1445;-56,06739999999;2415887;2960537;3705024;3787794;3891682;4307325
Machadinho;4311700;-27,5667;-51,6668;2835815;3537640;5147040;5658742;6693420;7801636
Mampituba;4311734;-29,2136;-49,9311;454938;719704;936384;1097622;968364;1064090
Manoel Viana;4311759;-29,58589999999;-55,48409999999;2041892;3580243;5786742;6232095;6939067;7388147
Maquiné;4311775;-29,6798;-50,2079;7595209;3632105;3952396;3660194;4553756;4771490
Maratá;4311791;-29,5457;-51,55729999999;4040041;3914706;2605710;2793459;3708998;2588265
Marau;4311809;-28,4498;-52,19859999999;130200667;145074725;188551262;206028568;178157765;178037293
Marcelino Ramos;4311908;-27,4676;-51,9095;3383836;4145859;6004239;6540551;7301059;7284416
Mariana Pimentel;4311981;-30,3531;-51,5803;1095526;1223399;1693966;2361616;2572984;3022747
Mariano Moro;4312005;-27,3568;-52,1467;1718147;2133403;2942042;3600218;3964163;3592764
Marques de Souza;4312054;-29,33109999999;-52,09729999999;3099430;3471107;4537271;4808733;5654564;6385377
Mata;4312104;-29,5649;-54,4641;1587624;1890378;3476282;4752114;5521913;5455827
Mato Castelhano;4312138;-28,28;-52,19319999999;1798842;2111617;2604914;2833761;3702048;4380238
Mato Leitão;4312153;-29,5285;-52,1278;9337660;8336605;9834481;10159794;10723204;10640590
Mato Queimado;4312179;-28,2475;-54,61919999999;826829;905929;1174838;1236201;1443383;1707180
Maximiliano de Almeida;4312203;-27,6325;-51,8021;3104985;4083241;5603293;6143827;6325926;6010386
Minas do Leão;4312252;-30,13459999999;-52,04229999999;10776636;14367498;18868188;23490104;28275892;31963423
Miraguaí;4312302;-27,497;-53,6891;2985629;4457062;6048209;7648738;9318476;8314006
Montauri;4312351;-28,6462;-52,0767;4128105;5224687;4491281;4668540;5777749;6063155
Monte Alegre dos Campos;4312377;-28,68049999999;-50,7834;1178236;2762568;3424512;2449522;2185610;2713435
Monte Belo do Sul;4312385;-29,16069999999;-51,63329999999;4813636;4380059;5524256;6003192;6533249;4777184
Montenegro;4312401;-29,6824;-51,4679;282985509;296796862;315547642;393463582;335957617;349236539
Mormaço;4312427;-28,6968;-52,6999;1027928;1289680;1531231;1457088;1620429;1848093
Morrinhos do Sul;4312443;-29,3578;-49,9328;1006708;1005680;1433888;1604014;1872476;1877550
Morro Redondo;4312450;-31,58869999999;-52,6261;7120200;7398451;9832789;10512508;12376861;12261969
Morro Reuter;4312476;-29,5379;-51,08109999999;8919731;7252482;10088774;13072905;14272896;13432372
Mostardas;4312500;-31,10539999999;-50,91669999999;6302556;7482158;9346935;9684810;10176082;11631075
Muçum;4312609;-29,163;-51,8714;9383300;12069322;14920053;17524647;19640468;18164805
Muitos Capões;4312617;-28,31319999999;-51,18359999999;3312486;4342398;4047242;4345323;4778092;6529703
Muliterno;4312625;-28,32529999999;-51,7697;1050482;1309820;1669695;2077011;2272811;2591136
Não-Me-Toque;4312658;-28,45479999999;-52,81819999999;91453861;124516963;158907518;216124341;184399844;134310990
Nicolau Vergueiro;4312674;-28,5298;-52,46759999999;1978833;2262435;2641090;3066953;3305101;4018562
Nonoai;4312708;-27,3689;-52,77559999999;8857425;10287324;13391652;16548228;15678000;16833450
Nova Alvorada;4312757;-28,6822;-52,1631;10149663;17012426;19501164;19609509;22718367;28015664
Nova Araçá;4312807;-28,6537;-51,7458;5016753;5664458;8923459;9031223;11242752;11374571
Nova Bassano;4312906;-28,72909999999;-51,7072;37929518;49126952;69908863;89894963;95359224;77018765
Nova Boa Vista;4312955;-27,99259999999;-52,9784;1424383;2078687;3092995;3637210;4802040;6050733
Nova Bréscia;4313003;-29,2182;-52,0319;1597480;2229237;3609245;4716761;4474089;5099663
Nova Candelária;4313011;-27,6137;-54,10739999999;6735059;9459354;10389981;9381141;10987364;11819579
Nova Esperança do Sul;4313037;-29,4066;-54,8293;5082048;5174767;5198098;5846420;4872042;6064553
Nova Hartz;4313060;-29,5807;-50,90509999999;69560459;101636915;108397120;82522658;79358867;75408375
Nova Pádua;4313086;-29,0275;-51,3098;2190964;2447868;3840194;4242418;4913919;5363342
Nova Palma;4313102;-29,471;-53,46889999999;6018754;6860828;9401211;10998607;12162033;12514347
Nova Petrópolis;4313201;-29,37409999999;-51,1135;66347117;72701160;88450172;98729887;107167995;115651889
Nova Prata;4313300;-28,7799;-51,6113;78649824;79646466;92448770;109202124;129117331;115043150
Nova Ramada;4313334;-28,0667;-53,69919999999;1547764;2079636;2886169;3605010;3954320;4605018
Nova Roma do Sul;4313359;-28,98819999999;-51,4095;5916271;6149956;7243423;7804956;7599857;8073379
Nova Santa Rita;4313375;-29,85249999999;-51,2837;71921166;92520869;117736323;142333403;144781499;155632702
Novo Barreiro;4313490;-27,90769999999;-53,1103;1174069;1351477;2194303;2540483;2794413;2973464
Novo Cabrais;4313391;-29,73379999999;-52,9489;1680022;2124007;2695727;3060424;3337876;3612634
Novo Hamburgo;4313409;-29,6876;-51,1328;797228840;846336699;1066901387;1162205906;1215262115;1208490906
Novo Machado;4313425;-27,57649999999;-54,50359999999;1370444;1769848;1762183;1953696;1804269;2019010
Novo Tiradentes;4313441;-27,5649;-53,1837;440950;503241;759791;947820;792591;1055938
Novo Xingu;4313466;-27,74309999999;-53,06159999999;752274;964665;1204869;1400421;1596094;1644304
Osório;4313508;-29,8881;-50,2667;208228075;447128517;666726477;94997897;101578782;99038681
Paim Filho;4313607;-27,7075;-51,76299999999;1969514;2480761;3518078;3886792;4385091;4695130
Palmares do Sul;4313656;-30,25349999999;-50,5103;6880170;8104355;11112889;28504648;16535881;16875575
Palmeira das Missões;4313706;-27,9006;-53,3134;32877164;40627428;47940819;56619924;58131735;63753985
Palmitinho;4313805;-27,3596;-53,558;3297896;4168326;6334254;7382692;8987926;9796460
Panambi;4313904;-28,2833;-53,50229999999;142401527;177242944;201972687;274212912;319088180;267583648
Pantano Grande;4313953;-30,1901;-52,3729;7896449;9031650;11945363;14995687;16724780;18403303
Paraí;4314001;-28,59639999999;-51,7896;13242577;18305269;29029721;30232241;37535294;40468803
Paraíso do Sul;4314027;-29,6717;-53,14399999999;1712636;1836601;2945991;3567628;3554181;3881761
Pareci Novo;4314035;-29,6365;-51,39739999999;2820364;3840690;5844554;7214010;8642386;9334570
Parobé;4314050;-29,6243;-50,8312;87699001;111958327;108674169;106600579;102687052;99584950
Passa Sete;4314068;-29,45769999999;-52,95989999999;1020131;728014;1267041;1533432;1650649;1488347
Passo do Sobrado;4314076;-29,748;-52,27479999999;4924825;5776831;7096839;8733817;7667351;8288638
Passo Fundo;4314100;-28,2576;-52,4091;457775110;549045935;759612641;896884613;920784994;935291039
Paulo Bento;4314134;-27,6978;-52,42609999999;3291847;2071130;4043380;3325078;4113085;4571934
Paverama;4314159;-29,5485;-51,73389999999;3182581;5292099;8264991;9476087;9427923;9298139
Pedras Altas;4314175;-31,72169999999;-53,58379999999;705127;748983;1046602;1364797;1257855;1456128
Pedro Osório;4314209;-31,8642;-52,81839999999;3902141;4596358;6775538;7206735;7935566;8698804
Pejuçara;4314308;-28,4283;-53,65789999999;3092331;3696212;4353914;4956204;5561120;5946445
Pelotas;4314407;-31,7649;-52,3371;541911744;669066261;839884144;952149933;1035263015;1092897478
Picada Café;4314423;-29,4464;-51,13669999999;52394710;63017253;76521663;70188542;62726720;52210897
Pinhal;4314456;-27,50799999999;-53,20819999999;3602687;3991810;4869404;5666150;6968131;8293091
Pinhal da Serra;4314464;-27,86339999999;-51,1702;53844795;57443511;49814625;37026001;53558970;44564881
Pinhal Grande;4314472;-29,34499999999;-53,3207;2876287;2344142;3383855;3868845;4062526;4170294
Pinheirinho do Vale;4314498;-27,21089999999;-53,60799999999;1684248;1974451;2557575;3108420;3511950;3408092
Pinheiro Machado;4314506;-31,5794;-53,3798;8006119;8147585;10055720;11623382;10052708;10429901
Pinto Bandeira;4314548;-29;-54;-;-;-;965935;3008344;3767352
Pirapó;4314555;-28,0439;-55,20009999999;512472;542797;946307;1110121;1087273;1188603
Piratini;4314605;-31,44729999999;-53,09729999999;9117242;8799990;12657437;14333431;14615868;15796976
Planalto;4314704;-27,32969999999;-53,0575;5224220;6390162;8627330;9440058;10312997;11331817
Poço das Antas;4314753;-29,4481;-51,6719;1406196;1439535;3487544;5000819;6721958;7672590
Pontão;4314779;-28,05849999999;-52,67909999999;1712431;2628675;3430020;3614050;3980220;5231401
Ponte Preta;4314787;-27,6587;-52,4848;1030038;1396660;1868087;1858448;2344665;2478569
Portão;4314803;-29,70149999999;-51,24289999999;94166953;105930655;119180800;140819749;171660544;177951699
Porto Alegre;4314902;-30,032778;-51,23;11658982889;13431517760;15644724666;16639833823;17053890908;17925414758
Porto Lucena;4315008;-27,8569;-55,00999999999;1648867;1975036;2690073;3159122;3430929;3677377
Porto Mauá;4315057;-27,57959999999;-54,6657;955271;1049504;1293449;1524394;1502294;1665791
Porto Vera Cruz;4315073;-27,7405;-54,8994;319719;337523;526201;717212;857278;925394
Porto Xavier;4315107;-27,9082;-55,1379;13626510;10602418;11556147;19710162;15251705;18192154
Pouso Novo;4315131;-29,1738;-52,2136;1301753;1388036;1889488;2012459;2032757;2517696
Presidente Lucena;4315149;-29,5176;-51,1798;3633502;5194537;7329811;8517616;9974413;9863692
Progresso;4315156;-29,24419999999;-52,31969999999;2335492;2585553;4491513;5014212;5665559;5654514
Protásio Alves;4315172;-28,7572;-51,4757;1061105;1528398;1645858;2268628;2672905;2723665
Putinga;4315206;-29,0045;-52,1569;1934132;2196046;3808712;4207480;4811112;5277525
Quaraí;4315305;-30,384;-56,4483;11077635;12825337;18554385;20746240;22690164;26599024
Quatro Irmãos;4315313;-27,81629999999;-52,44189999999;1057356;1414729;1681829;2104414;2592357;3039758
Quevedos;4315321;-29,3504;-54,07889999999;622416;696104;937621;1100660;1295773;1229300
Quinze de Novembro;4315354;-28,7465;-53,1011;2363625;3043893;4029505;4922697;5886960;7151618
Redentora;4315404;-27,664;-53,6407;1432434;1769436;2365618;3049455;3039299;3271691
Relvado;4315453;-29,11639999999;-52,0778;1320008;1376558;1858055;2470172;2569240;2325720
Restinga Sêca;4315503;-29,8188;-53,38069999999;8274689;9464469;12286937;13969887;16837683;16858015
Rio dos Índios;4315552;-27,2973;-52,8417;778970;772752;749544;1083371;1097974;1431869
Rio Grande;4315602;-32,0349;-52,1071;1236645822;1317098238;1513923301;1350659974;982644061;905276747
Rio Pardo;4315701;-29,988;-52,37109999999;23525131;26371544;30115446;35582643;36653921;38795638
Riozinho;4315750;-29,63899999999;-50,44879999999;9803440;9680178;11533646;10798012;9463153;11113352
Roca Sales;4315800;-29,28839999999;-51,8658;13516223;13804613;14663462;16214172;16144630;17856654
Rodeio Bonito;4315909;-27,4742;-53,1706;9770737;13333851;16922348;18471907;21371476;21809794
Rolador;4315958;-28,25767;-54,81864;498965;434779;549704;932154;922568;830870
Rolante;4316006;-29,6462;-50,58189999999;24494100;30806582;41700435;49948870;48265626;54042936
Ronda Alta;4316105;-27,7758;-52,80559999999;4938751;5919593;8574739;9932930;10607604;11847075
Rondinha;4316204;-27,83149999999;-52,90809999999;2161129;2367037;3951575;4351015;4299453;5284781
Roque Gonzales;4316303;-28,1297;-55,0266;12107729;5328798;5891928;5375104;5221453;5657837
Rosário do Sul;4316402;-30,2515;-54,9221;22714029;31034059;35445613;42031941;45648588;52688627
Sagrada Família;4316428;-27,7085;-53,1351;567346;622214;710961;983724;1117459;1051223
Saldanha Marinho;4316436;-28,3941;-53,097;2323799;2717681;3188296;3622422;3808231;4810845
Salto do Jacuí;4316451;-29,09509999999;-53,21329999999;9312510;10589729;12666665;14337355;15125113;16243584
Salvador das Missões;4316477;-28,1233;-54,83729999999;3214570;3649424;4719987;5401315;6025817;6955545
Salvador do Sul;4316501;-29,4386;-51,5077;20428715;24751009;28776624;38690062;47540037;38407823
Sananduva;4316600;-27,94699999999;-51,80789999999;26161323;35762010;46748155;47264607;45348565;50429763
Santa Bárbara do Sul;4316709;-28,3653;-53,25099999999;15045450;21004171;23260426;23008084;30200358;29419379
Santa Cecília do Sul;4316733;-28,1537;-51,9296;1065073;1168065;1382844;1589546;1871377;2132487
Santa Clara do Sul;4316758;-29,47469999999;-52,08429999999;7948367;9158341;9731988;11129007;12173264;13785564
Santa Cruz do Sul;4316808;-29,722;-52,4343;1130642182;1200815108;1322700665;1670085241;1853480096;1859360749
Santa Margarida do Sul;4316972;-30,32959999999;-54,08229999999;1480354;1694298;2187153;2554037;2903472;3256542
Santa Maria;4316907;-29,6868;-53,81499999999;550598556;696290872;873887481;1023605641;1115287164;1183801716
Santa Maria do Herval;4316956;-29,4902;-50,9919;8360323;9803088;11039991;12401179;13474296;13090372
Santa Rosa;4317202;-27,8702;-54,47959999999;170388043;198695301;272997494;300528136;292354394;276423859
Santa Tereza;4317251;-29,1655;-51,7351;1102851;1290231;1713489;2022241;2253947;2186674
Santa Vitória do Palmar;4317301;-33,52499999999;-53,37169999999;19701920;20561634;29490342;41803937;48749316;46986480
Santana da Boa Vista;4317004;-30,8697;-53,10999999999;1331934;1651044;2666047;2914471;3242031;3352291
Santana do Livramento;4317103;-30,88769999999;-55,5315;60670981;73081785;101189042;116238019;124875914;138832313
Santiago;4317400;-29,18969999999;-54,86659999999;34792822;40799340;56209130;65534263;74449330;78399805
Santo Ângelo;4317509;-28,3001;-54,2668;123730445;125102537;159753989;185275065;205223122;207559884
Santo Antônio da Patrulha;4317608;-29,82679999999;-50,51749999999;56423464;72698247;110005631;118218573;129398688;108056635
Santo Antônio das Missões;4317707;-28,51399999999;-55,22509999999;3884191;4421503;6348436;7486791;7877615;9484273
Santo Antônio do Palma;4317558;-28,4956;-52,02669999999;1713064;1979564;2798600;3486246;3551452;3950847
Santo Antônio do Planalto;4317756;-28,40309999999;-52,69919999999;1698094;1877186;2618356;2482856;2717669;3161283
Santo Augusto;4317806;-27,85259999999;-53,7776;13685588;15797183;20759809;24677791;27923149;32666674
Santo Cristo;4317905;-27,8263;-54,66199999999;31438646;29924215;34008536;37215291;40923824;46722610
Santo Expedito do Sul;4317954;-27,90739999999;-51,6433;1106392;1313137;1654681;2133116;2624533;3075097
São Borja;4318002;-28,6578;-56,00359999999;82533256;87627804;99880800;141370303;136474080;130323265
São Domingos do Sul;4318051;-28,53119999999;-51,886;1741679;2394282;3687803;3697758;4138630;4683334
São Francisco de Assis;4318101;-29,5547;-55,1253;5927429;6541703;8986511;10040522;11315076;12898684
São Francisco de Paula;4318200;-29,4404;-50,58279999999;19584589;24510375;31419542;26551806;28104433;29649780
São Gabriel;4318309;-30,3337;-54,3217;40994275;43024941;61143520;71501666;75472763;82354627
São Jerônimo;4318408;-29,97159999999;-51,72509999999;42190001;58377873;75171244;43637650;54160761;49448777
São João da Urtiga;4318424;-27,8195;-51,82569999999;2799851;3166153;4844026;5738513;6694229;6413047
São João do Polêsine;4318432;-29,61939999999;-53,44389999999;2070076;2767882;3793563;4718996;5465174;4847972
São Jorge;4318440;-28,4984;-51,7064;1413020;2011933;3235712;3590673;3503915;3930029
São José das Missões;4318457;-27,7789;-53,12259999999;1000799;1283668;1552859;1720969;1951655;2187314
São José do Herval;4318465;-29,052;-52,295;863234;1187799;2675147;2587406;3463375;2958484
São José do Hortêncio;4318481;-29,52799999999;-51,245;3651091;4724934;4207124;4740181;4886990;5615866
São José do Inhacorá;4318499;-27,7251;-54,12749999999;1149034;1639641;3073426;4554438;5525756;5281244
São José do Norte;4318507;-32,01509999999;-52,03309999999;12781032;14917309;20180244;28426796;46591137;63494667
São José do Ouro;4318606;-27,7707;-51,5966;8051944;10472449;14948861;16027828;17793430;17155359
São José do Sul;4318614;-29,529;-51,48709999999;2477343;2132836;3110545;3173803;3874463;4610165
São José dos Ausentes;4318622;-28,74759999999;-50,0677;1823956;1869769;2357904;3391932;3274278;7707045
São Leopoldo;4318705;-29,7545;-51,14979999999;663947871;799624053;939784642;984043566;1037824969;1072148327
São Lourenço do Sul;4318804;-31,3564;-51,97149999999;25219456;29250487;40210017;48689714;55218784;57028424
São Luiz Gonzaga;4318903;-28,41199999999;-54,9559;23766309;28033550;37377741;43115707;48687522;59440144
São Marcos;4319000;-28,9677;-51,0696;66245169;74628133;91988980;106868381;111950605;116086099
São Martinho;4319109;-27,7112;-53,9699;2640832;3453238;5175801;6715500;7269948;8532206
São Martinho da Serra;4319125;-29,5397;-53,859;1547845;1532882;1879257;2340414;2630285;2866877
São Miguel das Missões;4319158;-28,556;-54,5559;3334346;3953022;5144806;6833028;7621612;9441664
São Nicolau;4319208;-28,18339999999;-55,2654;1799565;1969825;2169910;2794953;3109745;3102828
São Paulo das Missões;4319307;-28,0195;-54,94039999999;2770274;3164866;4122035;4239230;4082501;4100693
São Pedro da Serra;4319356;-29,4193;-51,51339999999;1761483;2031198;4230068;4829853;5385286;5547854
São Pedro das Missões;4319364;-27,77321999999;-53,25047;700740;1069470;1407375;1778554;1962121;2068962
São Pedro do Butiá;4319372;-28,1243;-54,8926;1893054;1984963;2773181;3473625;3942261;4458159
São Pedro do Sul;4319406;-29,6202;-54,18549999999;11924154;14549202;14949257;16135689;16854245;18127046
São Sebastião do Caí;4319505;-29,5885;-51,37489999999;47119208;54322796;67856330;74963661;86432752;83294868
São Sepé;4319604;-30,1643;-53,56029999999;17649142;20631890;25029631;33013772;31392966;31593832
São Valentim;4319703;-27,55829999999;-52,52369999999;3542570;4455207;5122287;5497916;4981554;6785563
São Valentim do Sul;4319711;-29,0451;-51,7684;1544130;1627656;2542619;2706171;3165725;3438017
São Valério do Sul;4319737;-27,7906;-53,93679999999;484948;529899;593869;569202;656688;719080
São Vendelino;4319752;-29,3729;-51,3675;2927689;4634545;8269696;9252039;8499030;8726516
São Vicente do Sul;4319802;-29,68819999999;-54,6826;4419486;4655893;6231548;7768887;8502432;9596138
Sapiranga;4319901;-29,63489999999;-51,0065;134001796;148213922;202738228;222787845;218270951;260015341
Sapucaia do Sul;4320008;-29,8276;-51,145;218070786;234753708;296384315;308644238;275299681;258674290
Sarandi;4320107;-27,942;-52,92309999999;41611479;49956881;63095007;68479109;70111479;70162344
Seberi;4320206;-27,4829;-53,4026;6659845;7733953;12922652;16574428;19503009;22364727
Sede Nova;4320230;-27,6367;-53,9493;1190143;1827968;1933341;2108512;2124923;2488904
Segredo;4320263;-29,3523;-52,9767;1013482;1527161;2494398;2776686;3174291;3365738
Selbach;4320305;-28,6294;-52,9498;6247735;7703830;10834067;12411641;15171180;14175905
Senador Salgado Filho;4320321;-28,025;-54,55069999999;3808449;4044047;4077496;3576044;3982387;3356384
Sentinela do Sul;4320354;-30,6107;-51,58619999999;2046456;2464335;3492855;5109026;5307540;6148676
Serafina Corrêa;4320404;-28,71259999999;-51,93529999999;36341280;41569501;52225083;53506391;47442956;49649032
Sério;4320453;-29,3904;-52,2685;469537;558112;905726;965221;1086139;1181956
Sertão;4320503;-27,9798;-52,2588;5030357;5954041;8238534;9626091;11093067;10993620
Sertão Santana;4320552;-30,45619999999;-51,6017;2887299;3834857;5815669;6594572;7107067;8051524
Sete de Setembro;4320578;-28,13619999999;-54,4637;542596;772489;822371;1028038;1256242;1097884
Severiano de Almeida;4320602;-27,43619999999;-52,12169999999;2178728;2527601;3696611;4603853;4953375;5051194
Silveira Martins;4320651;-29,64669999999;-53,591;1348932;1370891;2361764;2424980;3716782;3198707
Sinimbu;4320677;-29,53569999999;-52,5305;7973529;9508348;10331107;13050861;13280853;8891321
Sobradinho;4320701;-29,4194;-53,0326;11776157;12596032;17752850;21123331;19906335;20230719
Soledade;4320800;-28,8306;-52,5131;25842995;29713533;42285557;48424341;54835916;63382586
Tabaí;4320859;-29,643;-51,68229999999;1855137;1986884;3268252;3646582;4144600;4472121
Tapejara;4320909;-28,0652;-52,0097;64754681;76658140;83202599;90771638;122795716;118553672
Tapera;4321006;-28,6277;-52,86119999999;17067269;21360873;27751532;31533358;33848742;39917281
Tapes;4321105;-30,66829999999;-51,39909999999;8661009;9770221;14945764;15890212;15553198;16970795
Taquara;4321204;-29,6505;-50,7753;67590938;75924021;101308449;107948467;120683703;125046327
Taquari;4321303;-29,7943;-51,86529999999;39995679;48201942;56636245;57174031;60453057;65097601
Taquaruçu do Sul;4321329;-27,4004;-53,4703;1502875;1845009;2841303;3642514;3931635;4193111
Tavares;4321352;-31,2843;-51,088;3151820;3438831;4153675;4399228;4686250;5780770
Tenente Portela;4321402;-27,37109999999;-53,75849999999;6880024;8944042;12926488;15677639;16793967;19717754
Terra de Areia;4321436;-29,57819999999;-50,06439999999;3594341;4330612;8504794;10878819;11776005;12069228
Teutônia;4321451;-29,4482;-51,8044;70378363;80601519;94684001;97266587;103170074;95712823
Tio Hugo;4321469;-28,57404;-52,5949;2988437;3465661;4635374;5475210;7605060;7937531
Tiradentes do Sul;4321477;-27,4022;-54,0814;2403482;2350600;3453901;3543960;3903615;4440043
Toropi;4321493;-29,4782;-54,2244;690683;890372;1157710;1363150;1473200;1617589
Torres;4321501;-29,3334;-49,7333;28957319;36090273;54908108;65347553;72743523;77271402
Tramandaí;4321600;-29,9841;-50,13219999999;27492526;32982371;48966297;56129876;64981698;65379270
Travesseiro;4321626;-29,29769999999;-52,05319999999;1338305;1914311;1873959;2105131;2192522;2426883
Três Arroios;4321634;-27,50029999999;-52,14479999999;846225;1054414;1743516;1862044;2534958;2827587
Três Cachoeiras;4321667;-29,44869999999;-49,9275;5359229;6869212;11435941;13992572;16396639;16863403
Três Coroas;4321709;-29,5137;-50,77389999999;87833656;99830283;114648624;113761287;112728404;114781849
Três de Maio;4321808;-27,78;-54,2357;34816674;41257262;57983341;64210320;74641438;72352953
Três Forquilhas;4321832;-29,53839999999;-50,07079999999;663331;751947;935543;983807;1023387;1107689
Três Palmeiras;4321857;-27,6139;-52,84369999999;1713202;2025069;2720852;3382511;3680411;4641271
Três Passos;4321907;-27,4555;-53,9296;30014683;35209567;48518251;55315515;55098031;55071009
Trindade do Sul;4321956;-27,5239;-52,8956;3165637;3719317;5580219;8132803;6929490;9102934
Triunfo;4322004;-29,92909999999;-51,7075;571830326;617096288;577774280;492109702;338647095;258354212
Tucunduva;4322103;-27,65729999999;-54,44389999999;4198098;5182489;7683104;7771108;8382466;7360779
Tunas;4322152;-29,10389999999;-52,9538;758895;959884;1040043;1092393;1364466;1482843
Tupanci do Sul;4322186;-27,92409999999;-51,5383;1045129;1204634;1591760;1951411;2315040;2847297
Tupanciretã;4322202;-29,08579999999;-53,84449999999;26362510;30933670;36563876;42395875;44171515;48081994
Tupandi;4322251;-29,4772;-51,4174;29249720;38800577;36673782;26146001;24951138;26119707
Tuparendi;4322301;-27,75979999999;-54,4814;6303138;7663124;10120806;10181088;11477100;11902931
Turuçu;4322327;-31,4173;-52,1706;1834395;2173691;2845791;3145934;3640329;4283887
Ubiretama;4322343;-28,0404;-54,68589999999;735320;917076;1042155;1034496;985080;968846
União da Serra;4322350;-28,7833;-52,0238;1027737;1207620;1744975;2033838;2322040;2575368
Unistalda;4322376;-29,03999999999;-55,15169999999;1191368;1275889;1442470;1662167;1744033;1773598
Uruguaiana;4322400;-29,76139999999;-57,08529999999;131238669;152592634;201576263;228204686;244491375;280567336
Vacaria;4322509;-28,50789999999;-50,9418;114152756;127895118;189771455;183104874;190210228;191944707
Vale do Sol;4322533;-29,59669999999;-52,6839;11667521;10724787;11816996;10935521;10657691;8707415
Vale Real;4322541;-29,3919;-51,25589999999;3488704;3802732;7946356;9870417;10522051;10979483
Vale Verde;4322525;-29,7864;-52,18569999999;717982;775453;1339232;1580520;1783485;1960114
Vanini;4322558;-28,4758;-51,8447;1325674;1427406;2136659;2539483;2754663;3107284
Venâncio Aires;4322608;-29,6143;-52,19319999999;113893851;131610300;180114196;197526787;201940312;238377968
Vera Cruz;4322707;-29,71839999999;-52,5152;30873729;25536018;30379352;31467077;40410927;38207946
Veranópolis;4322806;-28,9312;-51,5516;66983079;74146028;101372537;113856989;127978316;139287646
Vespasiano Correa;4322855;-29,0655;-51,8625;1366627;1908936;3010674;3502316;3527055;3507632
Viadutos;4322905;-27,5716;-52,02109999999;1751750;2017106;2767266;3464282;3937213;4282931
Viamão;4323002;-30,0819;-51,01939999999;162084710;160698889;232548734;254564686;280831386;263536570
Vicente Dutra;4323101;-27,16079999999;-53,4022;1557489;1704192;2415759;2846528;2939700;3304208
Victor Graeff;4323200;-28,56319999999;-52,74949999999;2797330;3420510;4549024;5115117;5103458;5588800
Vila Flores;4323309;-28,8598;-51,5504;15279667;14663598;17698455;21370746;23210038;20673739
Vila Lângaro;4323358;-28,1062;-52,14379999999;1091776;1663272;2847070;2947391;3141367;4117990
Vila Maria;4323408;-28,5359;-52,14869999999;8739147;10386599;14530893;15550414;17283008;18818101
Vila Nova do Sul;4323457;-30,3461;-53,87599999999;3088539;3123189;3080827;3245003;3576468;4037807
Vista Alegre;4323507;-27,3686;-53,4919;1407533;1869479;2647185;3438369;2860400;2978755
Vista Alegre do Prata;4323606;-28,80519999999;-51,7946;1442815;1891164;3307568;5248255;7982658;5162131
Vista Gaúcha;4323705;-27,29019999999;-53,6974;1025091;1057913;1740547;2554974;2291733;2208603
Vitória das Missões;4323754;-28,3516;-54,50399999999;625514;963499;1689251;2018572;2580204;2897850
Westfalia;4323770;-29,3744;-51,74629999999;6794103;9410584;8806163;9892966;11691756;12567070
Xangri-lá;4323804;-29,8065;-50,0519;18256223;21052107;29506789;32346814;36770341;37059674
