variavel: Arrecadação Total;;;;;;;;;;;;
caminho: /Finanças Públicas/Tributos Estaduais/Arrecadação Total;;;;;;;;;;;;
fonte: Secretaria da Fazenda do Rio Grande do Sul. ;;;;;;;;;;;;
agrupador: Município;;;;;;;;;;;;
descricao: ;;;;;;;;;;;;
Município;ibge;latitude;longitude;2010 (R$);2011 (R$);2012 (R$);2013 (R$);2014 (R$);2015 (R$);2016 (R$);2017 (R$);2018 (R$)
Aceguá;4300034;-31,86075999999;-54,16705999999;1642593;975155;1284729;1790002;1783673;2748552;2546408;2537796;2570514
Água Santa;4300059;-28,1672;-52,03099999999;670239;911858;807587;963502;1191202;1223095;2127255;2299347;5227986
Agudo;4300109;-29,6447;-53,2515;13674724;12584535;16227403;17840610;18191215;16168346;19790275;19579911;20998278
Ajuricaba;4300208;-28,2342;-53,7757;2107984;1736656;2107121;2412403;4557351;4113381;5030436;5975765;6568569
Alecrim;4300307;-27,6579;-54,76489999999;726363;661685;832938;913200;913347;963721;1127642;1188458;1619654
Alegrete;4300406;-29,79019999999;-55,79489999999;33363397;30939480;36670912;47473440;48794904;45089608;58847417;54515450;66903126
Alegria;4300455;-27,83449999999;-54,0557;387316;407437;463894;547440;1054811;648069;674761;968021;971755
Almirante Tamandaré do Sul;4300471;-28,10859999999;-52,9119;641829;526518;815325;1370364;1953539;1669795;2064087;2912181;4494052
Alpestre;4300505;-27,2502;-53,0341;4570913;2412800;1504026;1341439;1609585;2071923;2583346;2636908;2794044
Alto Alegre;4300554;-28,7769;-52,98919999999;314083;353565;451739;729116;555139;656721;810133;610063;705945
Alto Feliz;4300570;-29,3919;-51,3123;2088485;1570327;2302163;2723484;3313974;3026488;3154169;3586079;4877511
Alvorada;4300604;-29,99139999999;-51,0809;52188438;56726275;63831667;72728095;82169052;79346527;84444247;88105793;104763362
Amaral Ferrador;4300638;-30,87559999999;-52,25099999999;485737;419490;467450;532518;591188;643536;877216;748434;828229
Ametista do Sul;4300646;-27,3607;-53,183;1079867;1153222;1150364;1246297;1415386;1525143;1825324;1878983;2156477
André da Rocha;4300661;-28,62829999999;-51,5797;131016;193252;163655;189643;330881;290276;383023;266133;318733
Anta Gorda;4300703;-28,96979999999;-52,01019999999;3133978;4140824;5007584;7817838;8582894;8152316;9104211;9435639;12067013
Antônio Prado;4300802;-28,8565;-51,2883;16658968;18125368;19540348;25122841;26716387;25345786;28508832;29938463;37438749
Arambaré;4300851;-30,9093;-51,5046;483834;449935;557697;1168830;1037170;1005699;1276731;1091027;1029316
Araricá;4300877;-29,6168;-50,92909999999;5226981;5694679;4998029;6632456;5598704;5216382;5626871;5789965;6191410
Aratiba;4300901;-27,3978;-52,29749999999;3317584;4218032;3721218;3292624;4049117;4229605;3877803;4250980;8263548
Arroio do Meio;4301008;-29,40139999999;-51,9557;19600126;25917785;29971741;42653188;48743119;51308407;56842314;66388661;74040658
Arroio do Padre;4301073;-31,4316;-52,41709999999;421649;430476;491235;574375;673198;678885;862410;985719;1222045
Arroio do Sal;4301057;-29,5439;-49,88949999999;2442092;2190483;2694027;3542207;3614258;3900709;3942332;4833834;5344361
Arroio do Tigre;4301206;-29,3348;-53,0966;3051215;4204895;5356797;3698480;4530306;4081874;3936266;4072929;4393964
Arroio dos Ratos;4301107;-30,0875;-51,72749999999;2958355;3994092;4366072;4656685;4239300;4469488;4433528;4535366;4509327
Arroio Grande;4301305;-32,2327;-53,08619999999;5555147;4470381;4152212;4770699;5488254;6324883;8371009;7269347;6972988
Arvorezinha;4301404;-28,87369999999;-52,1781;4195447;4151170;4416647;5846410;8510575;9003708;8939554;9136995;9962539
Augusto Pestana;4301503;-28,51729999999;-53,9883;2098781;2122154;2671606;3326549;4365401;4569029;4133584;4580772;5523182
Áurea;4301552;-27,6936;-52,0505;1105211;1098119;1014757;1264853;2409868;1999482;1905510;2500740;2853864
Bagé;4301602;-31,32969999999;-54,09989999999;44833662;46521476;55015271;68219338;69325286;69092439;73621791;72818554;82256405
Balneário Pinhal;4301636;-30,2419;-50,2336;1278064;1017829;1079043;1241629;1418454;1881073;2044825;2176925;2964462
Barão;4301651;-29,3725;-51,4949;7560681;8162683;6609346;7554981;9002083;7339371;9212630;12493436;14538544
Barão de Cotegipe;4301701;-27,62079999999;-52,3798;8233395;7459168;6239862;7460559;8916835;10628433;9558146;9790912;13288351
Barão do Triunfo;4301750;-30,38909999999;-51,73839999999;644136;644543;653958;734546;1523470;844363;913841;969826;1148895
Barra do Guarita;4301859;-27,19269999999;-53,7109;272549;252046;301477;327245;344914;445424;578722;565781;838297
Barra do Quaraí;4301875;-30,2029;-57,5497;2668464;1975850;3934448;4253932;3680358;4192669;4639927;6019356;4649201
Barra do Ribeiro;4301909;-30,2939;-51,3014;4289542;4197647;4882773;5218427;6274390;5695166;7829460;7760856;9101092
Barra do Rio Azul;4301925;-27,4068;-52,4084;212592;202627;227376;268124;327212;346301;361191;422075;507015
Barra Funda;4301958;-27,9205;-53,03909999999;2145727;1765063;10840862;17255162;18348063;12819773;11882200;18376652;28249426
Barracão;4301800;-27,6739;-51,45859999999;2800760;2497560;2549019;3616654;5465561;4915340;6545917;3405654;5115204
Barros Cassal;4302006;-29,0947;-52,58359999999;1157655;1173230;1044735;1401645;1634679;1625964;1733228;1581761;1896000
Benjamin Constant do Sul;4302055;-27,5086;-52,59949999999;134368;129177;146292;156549;191040;226934;264398;273415;340548
Bento Gonçalves;4302105;-29,1662;-51,5165;263005889;296593391;334910306;370060052;375065697;355137117;338125771;359255202;409977889
Boa Vista das Missões;4302154;-27,6671;-53,3102;511442;1109123;689040;804632;1377699;982577;998287;1069818;1041827
Boa Vista do Buricá;4302204;-27,6693;-54,10819999999;2127133;2041791;2517458;5632400;8558244;8585755;10654477;13977479;7873617
Boa Vista do Cadeado;4302220;-28,5716;-53,8138;261061;415960;371049;803121;902812;692631;757574;754910;876001
Boa Vista do Incra;4302238;-28,8092;-53,3874;265720;419320;421355;446821;386896;772490;588744;629205;701906
Boa Vista do Sul;4302253;-29,35439999999;-51,6687;2844164;3022547;2721625;3181366;3159004;3583076;5163322;6437636;5940705
Bom Jesus;4302303;-28,66969999999;-50,42949999999;3499835;4011413;4945725;3894078;3769220;5169523;4055445;4321909;5204933
Bom Princípio;4302352;-29,4856;-51,35479999999;12633552;14273224;18097104;21729150;22060362;24048423;25634274;28728161;31018484
Bom Progresso;4302378;-27,53989999999;-53,8716;186144;244168;227667;256043;434947;335596;351549;341458;442512
Bom Retiro do Sul;4302402;-29,60859999999;-51,94639999999;9149851;6564213;4228811;6171472;6395944;6874499;5162061;5262750;6098836
Boqueirão do Leão;4302451;-29,3046;-52,4284;925935;919798;1020717;1116464;1395729;1435798;1270370;1382767;1663069
Bossoroca;4302501;-28,72909999999;-54,9035;1459445;1827479;1779856;2313214;2279531;2219845;2068593;2378956;3735113
Bozano;4302584;-28,36746;-53,77223999999;264061;311590;467977;373086;461110;673458;837763;769254;1088751
Braga;4302600;-27,6173;-53,74049999999;255092;298127;536674;582341;996644;504619;529810;919061;795623
Brochier;4302659;-29,5501;-51,59449999999;1477901;1508279;1599284;1591762;1747247;2020911;2085308;2011255;2959220
Butiá;4302709;-30,11789999999;-51,96009999999;7640042;9433251;7239984;8948524;9652732;8352583;8128109;9519508;10004691
Caçapava do Sul;4302808;-30,51439999999;-53,4827;20021149;19277598;20631474;20751142;20805681;20548518;19445029;20301751;27118473
Cacequi;4302907;-29,8883;-54,822;4829623;4565803;4299422;4417278;5908519;4449041;5088017;4737986;5847815
Cachoeira do Sul;4303004;-30,033;-52,8928;49202409;53804305;48783469;57339240;57850512;60613824;59124117;57558493;66249046
Cachoeirinha;4303103;-29,94719999999;-51,10159999999;523881058;560846712;632547875;548140610;468385677;498718601;563666777;618550557;792563161
Cacique Doble;4303202;-27,76699999999;-51,6597;658722;683695;740883;862863;899610;1167508;1137814;1156876;1452816
Caibaté;4303301;-28,2905;-54,6454;4324457;4761505;6177936;6006981;6719416;7762922;10275173;11212470;16206294
Caiçara;4303400;-27,2791;-53,42569999999;736032;751810;826510;934814;950801;1076409;1313693;1246281;1425695
Camaquã;4303509;-30,8489;-51,80429999999;97435431;96536895;102482543;132026016;131371421;136543835;160348269;170153586;165282095
Camargo;4303558;-28,588;-52,20029999999;597874;698185;757095;948686;1172899;1483955;1314441;1433172;1537147
Cambará do Sul;4303608;-29,0474;-50,1465;4419957;5033043;3237707;3167426;2832111;4525570;4385026;4730846;4071597
Campestre da Serra;4303673;-28,7926;-51,09409999999;2223184;3057590;4389036;11044736;6068435;6301591;4963871;6058347;5955817
Campina das Missões;4303707;-27,9888;-54,8417;1023008;1016571;1102059;1345876;1378548;1608399;1520309;1675379;2111463
Campinas do Sul;4303806;-27,7174;-52,6248;1901708;2547490;2228655;3308982;3739860;3383413;2563634;2992201;3924656
Campo Bom;4303905;-29,6747;-51,0606;120201835;134396447;149402603;148504271;162993275;267339227;177493901;183141613;198583623
Campo Novo;4304002;-27,6792;-53,80519999999;2639894;2339540;2369770;4352543;4174388;5396949;4809015;6564936;7085075
Campos Borges;4304101;-28,8871;-53,00079999999;617260;635956;803278;995074;1667369;1088275;1229221;1597762;1445357
Candelária;4304200;-29,66839999999;-52,78949999999;13949129;17282163;18553389;20567359;21509230;21812728;16930431;23128238;31133851
Cândido Godói;4304309;-27,95149999999;-54,7517;960919;1083751;1222320;1378712;1690366;1903136;1965010;2134024;3031666
Candiota;4304358;-31,5515;-53,6773;8527805;11274733;8410715;13092605;11567700;10976176;16601285;42016745;37015526
Canela;4304408;-29,356;-50,8119;15494219;17104757;26284895;28515866;29631342;34150926;35389242;41936825;48215419
Canguçu;4304507;-31,396;-52,67819999999;7691511;7735855;8911039;10171850;11550796;13108261;13787580;15195615;17111644
Canoas;4304606;-29,9128;-51,18569999999;3023357109;3577199779;3690515614;4448092947;4605261508;4598936822;4956906935;4837107941;5326697090
Canudos do Vale;4304614;-29,3187;-52,23449999999;140091;163910;164839;192845;244096;263966;244789;240517;308178
Capão Bonito do Sul;4304622;-29,76419999999;-50,02819999999;233138;187076;256861;307041;222749;314010;277478;407135;1192534
Capão da Canoa;4304630;-29,6397;-49,95989999999;16315785;15483434;17775472;21074045;25821387;23593611;25659184;30259009;35592381
Capão do Cipó;4304655;-28,904;-54,7;324622;368135;391488;915212;835064;632685;966641;843957;1397937
Capão do Leão;4304663;-31,75649999999;-52,4889;22710568;17881857;23523481;26956667;23629687;19600713;23487128;17812911;19473946
Capela de Santana;4304689;-29,6961;-51,328;4937918;2740180;3759992;6551342;5833892;4049101;3979720;3598894;4416132
Capitão;4304697;-29,26739999999;-51,9853;419012;415811;492068;570547;602514;682380;704215;766281;906500
Capivari do Sul;4304671;-30,1382;-50,51509999999;21523327;13624594;17575842;20172711;16356823;15646773;18311734;17214019;12971445
Caraá;4304713;-29,78689999999;-50,4316;457635;581985;604604;689105;769746;896288;1042493;989676;3158640
Carazinho;4304705;-28,2958;-52,7933;65053680;60333804;69876925;78617578;100659328;108686764;124391866;124977330;131466659
Carlos Barbosa;4304804;-29,2969;-51,50289999999;45258948;58171284;75567278;91480399;98457475;95032152;123709572;136339100;148684675
Carlos Gomes;4304853;-27,71669999999;-51,9121;97730;137795;191359;230413;245833;255079;285364;273410;306954
Casca;4304903;-28,5605;-51,98149999999;9842176;11997501;12953956;15599661;14536238;13020710;13771174;13198152;17058535
Caseiros;4304952;-28,25819999999;-51,6861;570880;1066196;1065316;1292692;1072987;1348091;1100530;1058131;1401206
Catuípe;4305009;-28,2554;-54,01319999999;2078484;2246895;2292020;2400690;3024425;3268466;2964474;3057629;4696363
Caxias do Sul;4305108;-29,1629;-51,1792;1481156536;1657167681;1715196468;1780936027;1775422225;1888750579;1906907774;2039348302;2497080004
Centenário;4305116;-27,7616;-51,99839999999;347990;430576;549328;516400;596112;555307;588213;711230;709048
Cerrito;4305124;-31,84189999999;-52,8004;541911;478345;542084;768004;811836;939103;885709;837447;1145299
Cerro Branco;4305132;-29,657;-52,9406;906110;903964;1257693;1271522;1016630;951522;1228848;1302178;1133904
Cerro Grande;4305157;-27,6106;-53,1672;209002;205142;250057;285257;344620;364760;377788;430007;473951
Cerro Grande do Sul;4305173;-30,59049999999;-51,74179999999;1546047;1372731;1639712;2551650;2464998;2534760;2660110;2358940;3070325
Cerro Largo;4305207;-28,1462;-54,7428;27361240;24511048;21349976;21731528;23407427;19062560;19663976;15252872;14575449
Chapada;4305306;-28,0559;-53,06649999999;2542568;2809711;3664700;5073922;5225016;6053233;7493474;6065880;7415237
Charqueadas;4305355;-29,9625;-51,6289;106595500;112718796;109827035;123335270;106138617;104401872;107305570;115403373;132989600
Charrua;4305371;-27,9493;-52,015;278588;342867;401381;449158;437548;558540;466467;473315;809319
Chiapetta;4305405;-27,92299999999;-53,94189999999;658262;636793;650864;1254815;941340;1231744;1216046;1193662;1537186
Chuí;4305439;-33,68659999999;-53,4594;2582135;2566918;2763962;4008301;5520978;6804872;7012497;9238529;10979017
Chuvisca;4305447;-30,75039999999;-51,9737;518464;468376;493927;516624;628437;639430;749723;729843;905138
Cidreira;4305454;-30,16039999999;-50,2338;1953736;1688921;2137450;2512879;2706582;3830730;3914690;4295253;4330392
Ciríaco;4305504;-28,34189999999;-51,87409999999;798897;782414;790262;825288;998534;1046915;1166736;1310416;1792410
Colinas;4305587;-29,38149999999;-51,8526;594416;711900;832960;1158718;1424327;1854859;2147285;2158223;2352577
Colorado;4305603;-28,5258;-52,9928;917749;902866;1092588;1859029;2137916;1600315;2185839;1676220;1829048
Condor;4305702;-28,2075;-53,49049999999;3945159;3727479;4291623;7669543;7233426;7694996;8523724;9289121;10476095
Constantina;4305801;-27,73199999999;-52,9938;2712229;2817891;3388693;5117612;5181988;4930034;5364358;7799543;11592508
Coqueiro Baixo;4305835;-29,1722;-52,0989;196453;200283;203298;240112;239319;286723;281512;268097;353155
Coqueiros do Sul;4305850;-28,11939999999;-52,78419999999;254079;305661;459039;602975;536684;554337;619472;641996;1184158
Coronel Barros;4305871;-28,39219999999;-54,0686;866142;1100157;981165;1826727;1883909;1640082;1698570;2119698;2765805
Coronel Bicaco;4305900;-27,7197;-53,70219999999;1215862;1886504;2774037;2009439;3076950;3233340;7467844;5577518;5719201
Coronel Pilar;4305934;-29,2684;-51,68789999999;411391;381870;423130;507338;464730;543356;565422;494242;772331
Cotiporã;4305959;-28,9891;-51,69709999999;1740124;2812468;2808720;3706915;5528715;6171161;5638995;5750093;10090707
Coxilha;4305975;-28,128;-52,3023;1093520;961853;984293;1526202;2223279;2348841;2528768;2735361;4175861
Crissiumal;4306007;-27,4999;-54,0994;4776147;4434308;5221750;4475535;4459826;4474841;4848116;7653927;6333184
Cristal;4306056;-31,0046;-52,04359999999;1411584;1352174;1564722;2673779;2487619;3004226;3087262;3274977;3288264
Cristal do Sul;4306072;-27,452;-53,24219999999;444360;208327;273409;341006;391139;354973;464400;432846;482601
Cruz Alta;4306106;-28,645;-53,60479999999;30508717;28628378;27982287;37658986;47043176;39690149;42748795;48753296;65848999
Cruzaltense;4306130;-27,6644;-52,6492;226867;434058;425852;491391;604633;572180;385605;826127;667685
Cruzeiro do Sul;4306205;-29,5148;-51,9928;3353687;4394550;4847265;6490170;7767083;9028738;9642719;11246477;14848811
David Canabarro;4306304;-28,38489999999;-51,84819999999;1108038;1220268;1301530;1409243;1534564;2296171;2517365;1996176;2235201
Derrubadas;4306320;-27,26419999999;-53,8645;218844;284613;324324;496701;499364;439420;581062;682191;827430
Dezesseis de Novembro;4306353;-28,219;-55,0617;184669;211167;215213;306470;286460;324562;381161;339656;663683
Dilermando de Aguiar;4306379;-29,7054;-54,2122;276613;713324;491547;496428;436632;642094;564143;707831;891695
Dois Irmãos;4306403;-29,5836;-51,08979999999;39393266;49631438;65600597;78355055;84295268;77674053;62756269;65292183;70770195
Dois Irmãos das Missões;4306429;-27,66209999999;-53,5304;328722;278060;382381;497089;1239442;614257;704865;722233;934171
Dois Lajeados;4306452;-28,983;-51,83959999999;868685;1005090;810557;870664;958690;1371215;1330468;1264581;1645844
Dom Feliciano;4306502;-30,70039999999;-52,1026;1428792;1250874;1222671;1545712;1624257;2010419;2135945;2023817;2533085
Dom Pedrito;4306601;-30,9756;-54,6694;26645384;22184460;23371811;27725947;26747624;40129374;41469503;38739356;32064542
Dom Pedro de Alcântara;4306551;-29,3639;-49,853;714575;558720;669258;736200;754768;806892;837667;817934;1019487
Dona Francisca;4306700;-29,61949999999;-53,36169999999;1660273;1775814;2342294;2696899;2794127;3172417;3926326;3956917;3353800
Doutor Maurício Cardoso;4306734;-27,5103;-54,35779999999;640225;690745;859981;942356;1055091;1093990;1206900;3242143;2534260
Doutor Ricardo;4306759;-29,084;-51,9971;1228501;2236415;2942675;4346647;4728086;2096605;1903787;2285834;1764589
Eldorado do Sul;4306767;-30,0847;-51,61869999999;51901327;59384911;57076431;67561799;123914533;211950631;283511374;292241223;300303129
Encantado;4306809;-29,23509999999;-51,8703;27774897;25944930;31070732;33105490;38140560;41149006;37824424;41099544;46097325
Encruzilhada do Sul;4306908;-30,54299999999;-52,5204;3971512;3903547;4251837;5681345;6206933;7122011;7309684;7896998;8194550
Engenho Velho;4306924;-27,706;-52,91449999999;117050;143446;183465;172105;198228;239720;248918;274596;473837
Entre Rios do Sul;4306957;-27,5298;-52,73469999999;2136127;1965959;1186080;877543;1053388;888014;2525816;8913835;10307553
Entre-ijuís;4306932;-28,3686;-54,26859999999;1869383;1769453;1976068;2265211;2929012;2741061;3149794;3829148;4215214
Erebango;4306973;-27,85439999999;-52,3005;586131;910255;999787;1666841;860477;1030934;1756863;1025172;1209332
Erechim;4307005;-27,63639999999;-52,2697;108147519;136815547;135616818;148910392;188233528;222233614;210112346;195053734;210930185
Ernestina;4307054;-28,49769999999;-52,58359999999;578497;567132;975753;850028;1527080;1900907;3864611;2803086;2423356
Erval Grande;4307203;-27,3926;-52,57399999999;1113326;1077286;1467817;1376598;2274991;1878327;1730450;1544855;2324148
Erval Seco;4307302;-27,5443;-53,5005;2356368;3954697;4559787;4277299;4564384;4647748;5919987;6500360;7519991
Esmeralda;4307401;-28,0518;-51,1933;589422;685187;832212;771044;1085155;1040779;1182150;2577001;1790629
Esperança do Sul;4307450;-27,36029999999;-53,9891;229027;450758;988294;1462527;2507164;3655838;1781550;1295126;1268645
Espumoso;4307500;-28,7286;-52,8461;5344226;5215132;6096689;8432307;9775417;9376074;9337327;10069803;11357544
Estação;4307559;-27,91349999999;-52,2635;3010935;4476004;5171283;6700879;6744717;9467778;15205833;16314842;14081459
Estância Velha;4307609;-29,6535;-51,1843;34974846;32083656;37026583;43424129;53832693;54619694;54225968;54683633;70947856
Esteio;4307708;-29,852;-51,1841;196530770;194291389;241052090;285903886;294506264;245715687;298400894;222543440;274442988
Estrela;4307807;-29,5016;-51,9605;37879344;41928456;42413857;43245905;46046714;42078221;50647014;54795026;64709803
Estrela Velha;4307815;-29,17129999999;-53,16389999999;550666;801408;745197;928123;1630346;932354;1297294;1094273;1143945
Eugênio de Castro;4307831;-28,5315;-54,15059999999;2806680;3131813;4167695;7928846;987142;494178;724218;920788;1132787
Fagundes Varela;4307864;-28,8794;-51,7014;788006;993884;1229184;1323401;1679780;1959330;2048826;2684800;3054350
Farroupilha;4307906;-29,2227;-51,3419;143552391;149782626;181260032;210023326;194251546;173353492;217103981;221393282;241582053
Faxinal do Soturno;4308003;-29,5788;-53,44839999999;7652948;7923948;7413658;6345863;7827749;10834243;13654816;13263251;18142396
Faxinalzinho;4308052;-27,4238;-52,67889999999;394206;365993;340054;456528;496136;514640;1103771;590138;598366
Fazenda Vilanova;4308078;-29,5885;-51,8217;9243464;3939327;2501490;4168598;1110835;7294536;17047192;3099624;2674054
Feliz;4308102;-29,4527;-51,30319999999;10741338;10444287;10209239;13107602;11796385;12652416;10613868;11854826;14457947
Flores da Cunha;4308201;-29,02619999999;-51,1875;66058999;79069034;91033789;108527581;119969557;128252422;143084853;151997768;167269361
Floriano Peixoto;4308250;-27,8614;-52,08379999999;163406;211933;268694;248251;334899;391173;354125;378117;571820
Fontoura Xavier;4308300;-28,9816;-52,34449999999;2961822;2647231;3784651;3644315;4388358;5874540;6937835;7598045;10762612
Formigueiro;4308409;-30,00349999999;-53,49589999999;5719083;5088700;5351731;6688862;5821953;5523971;7897089;7566126;8258822
Forquetinha;4308433;-29,3792;-52,0917;604026;613455;766018;671157;898991;906412;993569;1449118;1406740
Fortaleza dos Valos;4308458;-28,7986;-53,22489999999;1315054;1162420;1615810;1469002;2431273;1829658;1704007;1949411;2552641
Frederico Westphalen;4308508;-27,35859999999;-53,3958;19098468;19383508;27070590;40410866;55871090;44593566;52169404;50698940;56214183
Garibaldi;4308607;-29,259;-51,5352;78510095;87152476;97844756;103475874;113445595;121167479;119458153;127373972;148003184
Garruchos;4308656;-28,1944;-55,6383;7006266;210459;208034;213216;1666129;6603570;534840;1045478;442888
Gaurama;4308706;-27,58559999999;-52,0915;4413052;3811699;3482243;4056872;4406957;4044280;3755716;5533363;7830885
General Câmara;4308805;-29,90319999999;-51,7612;2751913;2331875;2825339;2489457;2275731;2269821;2359635;2485881;3238024
Gentil;4308854;-28,4316;-52,0337;369166;667522;560068;614657;683452;923744;633658;493217;1517668
Getúlio Vargas;4308904;-27,8911;-52,22939999999;9382432;11174618;11799135;11675186;12522326;14711417;17137359;18818502;22922924
Giruá;4309001;-28,02969999999;-54,3517;8426833;7521739;9197720;10758673;9882542;9769910;10259214;10523466;12439236
Glorinha;4309050;-29,87979999999;-50,7734;18450192;30271529;36424407;36461633;37386251;43392798;38632433;15624931;12064684
Gramado;4309100;-29,3733;-50,87619999999;49951107;51942657;62575646;69359248;90323715;115597294;69712105;74233031;86549280
Gramado dos Loureiros;4309126;-27,4429;-52,9149;165769;173056;220096;268335;321467;331228;356639;425919;561314
Gramado Xavier;4309159;-29,2706;-52,5795;319338;317337;350702;481801;562857;607718;632917;606958;756452
Gravataí;4309209;-29,94129999999;-50,98689999999;275004605;305987596;344722544;420495679;480885586;505114541;560286309;503715782;534887467
Guabiju;4309258;-28,5421;-51,6948;450414;428652;383556;466396;534347;576852;460146;485086;786512
Guaíba;4309308;-30,10859999999;-51,3233;203885888;218714499;276998962;214176578;242135433;201471866;202609354;229227425;241897821
Guaporé;4309407;-28,8399;-51,88949999999;22179554;21710874;21691298;27387934;31432059;32583611;32697088;35125313;38370479
Guarani das Missões;4309506;-28,1491;-54,56289999999;3688946;3154593;1608752;1819495;2205124;1972711;2420377;2382124;2700099
Harmonia;4309555;-29,5456;-51,4185;3477294;2419644;3420102;5429294;6527120;7830206;8034464;9371624;9125549
Herval;4307104;-32,024;-53,39439999999;749502;775114;775548;943426;1166251;1055086;1138262;1275601;2252361
Herveiras;4309571;-29,4552;-52,65529999999;241489;260113;276455;330830;745119;892293;496126;380923;447845
Horizontina;4309605;-27,6282;-54,3053;15686156;29675977;43014432;71019084;75055746;57251710;64790870;65565921;91241432
Hulha Negra;4309654;-31,4067;-53,8667;892704;1245350;1223052;1164017;1224284;1290286;1309238;1515882;1764607
Humaitá;4309704;-27,56909999999;-53,96949999999;1436381;1193478;1331550;1817409;2379752;2291486;1759130;1864197;2426507
Ibarama;4309753;-29,4203;-53,1295;772201;690160;791808;1119386;1203555;1701525;1286240;1625217;1841731
Ibiaçá;4309803;-28,0566;-51,8599;2487126;3416446;4053408;6087322;5144652;5974849;6966249;7690678;7262683
Ibiraiaras;4309902;-28,37409999999;-51,6377;2587245;2634343;3205038;3562394;4137105;4628950;6635589;7123737;5543692
Ibirapuitã;4309951;-28,6247;-52,51579999999;419084;376349;401601;450048;549962;661885;869151;745317;949770
Ibirubá;4310009;-28,63019999999;-53,0961;16115026;17475781;25449257;24123490;27947113;41072370;39107343;41764288;61566573
Igrejinha;4310108;-29,56929999999;-50,79189999999;97758207;126823817;153680034;194323133;218058739;214987847;238765690;278613137;302631102
Ijuí;4310207;-28,3881;-53,92;75160680;93152386;107579553;103060709;113201534;126805214;140679973;145189450;161684738
Ilópolis;4310306;-28,9282;-52,12579999999;1384565;1073547;1148000;1542136;1867396;2005013;2224524;2294245;2825150
Imbé;4310330;-29,9753;-50,1281;3931984;4021465;4652244;5745058;7001409;6653289;7420460;7731682;8950297
Imigrante;4310363;-29,3508;-51,7747;10062830;12480775;13608329;18935048;23443193;12406498;15598658;17939168;22250230
Independência;4310405;-27,8354;-54,1886;1867247;1541599;1860910;1908511;2604923;2240725;2684486;3158248;4459982
Inhacorá;4310413;-27,8752;-54,015;124201;146363;411267;186353;231657;258791;774164;674439;530549
Ipê;4310439;-28,8171;-51,28589999999;1683936;1811436;2046528;2231743;2414848;2781660;2889439;2843203;3532204
Ipiranga do Sul;4310462;-27,9404;-52,4271;431594;520727;575655;722497;712835;736149;907517;871990;1117446
Iraí;4310504;-27,1951;-53,2543;10334253;21178032;30828505;35834674;42936216;35637577;27070569;4890109;6495851
Itaara;4310538;-29,60129999999;-53,7725;1431585;2107570;1644382;1622440;1764293;1878581;1711357;2161276;3955045
Itacurubi;4310553;-28,7913;-55,2447;201886;346169;260739;190009;281488;421505;466067;331728;453135
Itapuca;4310579;-28,7768;-52,1693;129048;143264;163063;226604;321283;235000;289986;244913;349073
Itaqui;4310603;-29,131;-56,55149999999;65058123;55575323;64979609;66142724;58084884;57346896;63988398;69998046;55159920
Itati;4310652;-29,48832;-50,11357999999;229118;260049;306861;342182;420808;430872;465069;563806;645381
Itatiba do Sul;4310702;-27,38459999999;-52,4538;552243;473569;505358;498498;603874;590076;634994;630486;893051
Ivorá;4310751;-29,52319999999;-53,5842;276985;292170;296345;322536;362227;397763;415105;483231;589342
Ivoti;4310801;-29,59949999999;-51,1533;41473494;38544637;48083093;51517606;48285103;63309361;65518132;82705662;84127625
Jaboticaba;4310850;-27,63469999999;-53,2762;395772;451922;510386;515214;757210;919537;732262;919145;904448
Jacuizinho;4310876;-29,02199999999;-53,05369999999;137823;171859;183383;302077;431116;276867;355251;1337263;664507
Jacutinga;4310900;-27,72909999999;-52,53719999999;1103453;754156;1034597;948747;1268404;1658277;1797031;1546947;1889432
Jaguarão;4311007;-32,5604;-53,377;8507126;6424798;6415328;8672936;8046367;9172339;10007091;13506100;13479446
Jaguari;4311106;-29,4936;-54,703;3194087;4253302;3540845;3741570;4173898;4641971;6035565;5912360;7106721
Jaquirana;4311122;-28,8811;-50,3637;949178;1762365;1152013;1511663;1520715;1623648;1037722;974476;1371892
Jari;4311130;-29,2922;-54,2237;317984;277198;276921;398312;473645;565440;635149;863669;979300
Jóia;4311155;-28,6435;-54,1141;1077492;1662809;1554038;2748822;2665348;2251272;2209637;2382130;2800371
Júlio de Castilhos;4311205;-29,2298;-53,67719999999;6492487;5092721;4865858;9379999;7730362;7896373;9639459;10343513;9894716
Lagoa Bonita do Sul;4311239;-29,48819999999;-53,0138;257785;251091;272238;298361;327150;344014;362886;362769;438147
Lagoa dos Três Cantos;4311270;-28,56759999999;-52,8618;306749;389538;390477;479086;599849;634556;724538;638320;703643
Lagoa Vermelha;4311304;-28,20929999999;-51,52479999999;22014676;16958516;16221201;20216166;19843193;23160527;20165078;696765;784414
Lagoão;4311254;-29,2348;-52,7997;392152;389267;430592;482922;586004;580148;578175;22463835;24680457
Lajeado;4311403;-29,45909999999;-51,96439999999;120134361;132798412;142456459;155260716;177286613;161283413;151147260;151193424;174966015
Lajeado do Bugre;4311429;-27,69129999999;-53,1818;129895;143346;173833;205446;326108;433280;330187;429063;608837
Lavras do Sul;4311502;-30,80709999999;-53,89309999999;1295737;1214961;1498913;2228837;1665546;2071412;1919589;1964265;2610047
Liberato Salzano;4311601;-27,60099999999;-53,07529999999;845648;640517;748893;766451;1063925;1101001;1096071;1633576;3759409
Lindolfo Collor;4311627;-29,58589999999;-51,2141;2477359;1316527;2964129;3590388;3303527;2332700;1680105;1695982;2021833
Linha Nova;4311643;-29,4679;-51,20029999999;313109;326549;340465;431038;505004;406158;380183;473148;502288
Maçambará;4311718;-29,1445;-56,06739999999;1007711;658843;1033436;1342871;2036765;1963633;2056142;2372488;4001070
Machadinho;4311700;-27,5667;-51,6668;1230320;1288777;1224323;1420266;2103871;1759925;1619797;1802641;2488694
Mampituba;4311734;-29,2136;-49,9311;513413;433328;525982;775162;691162;802845;878208;948468;819433
Manoel Viana;4311759;-29,58589999999;-55,48409999999;1296673;1406204;1750524;2107794;2435000;2119673;2132874;2457514;3129740
Maquiné;4311775;-29,6798;-50,2079;1823627;1963703;1525344;1519525;1568681;1917377;1978061;1922770;2186000
Maratá;4311791;-29,5457;-51,55729999999;2758606;3556406;3743732;3184374;3376577;3162939;2483195;932576;999762
Marau;4311809;-28,4498;-52,19859999999;54027212;40213150;39738261;41336959;43531466;48574825;33144300;40179405;49186712
Marcelino Ramos;4311908;-27,4676;-51,9095;57142098;66457634;84753228;109488721;108534487;82522184;40134747;3863605;2912580
Mariana Pimentel;4311981;-30,3531;-51,5803;471018;527864;499506;532158;579861;704045;733711;884494;918003
Mariano Moro;4312005;-27,3568;-52,1467;417914;406139;471032;567013;582499;646562;726259;784513;928899
Marques de Souza;4312054;-29,33109999999;-52,09729999999;1101610;1391842;1668257;1823774;1992598;2377334;2363726;2328112;3170228
Mata;4312104;-29,5649;-54,4641;1672895;1499330;2651116;3936159;4013014;3810513;6698285;5835015;5799386
Mato Castelhano;4312138;-28,28;-52,19319999999;337074;502736;555984;581605;661072;665787;791723;844296;1081562
Mato Leitão;4312153;-29,5285;-52,1278;5738271;8873190;6952213;7429460;11833231;11615727;10638076;11723417;4188380
Mato Queimado;4312179;-28,2475;-54,61919999999;255856;231747;320974;326652;350248;401013;436022;440360;736543
Maximiliano de Almeida;4312203;-27,6325;-51,8021;1167068;1154132;1316958;1467390;1452019;1641891;2233633;2364047;2816493
Minas do Leão;4312252;-30,13459999999;-52,04229999999;1928887;2080261;1883051;2303880;2367521;2530063;3310679;3593275;3644479
Miraguaí;4312302;-27,497;-53,6891;794363;747326;1041252;2124742;2503602;2829584;3459304;4091199;4174290
Montauri;4312351;-28,6462;-52,0767;611479;703908;718686;953063;1113169;1049264;1228352;1613574;2189262
Monte Alegre dos Campos;4312377;-28,68049999999;-50,7834;284007;242340;955720;564210;596276;766410;859964;1148737;882501
Monte Belo do Sul;4312385;-29,16069999999;-51,63329999999;1500543;1377534;2121891;2317455;3290458;2728110;2651053;2323302;3194652
Montenegro;4312401;-29,6824;-51,4679;64040214;75865888;117061937;111958702;108923425;117887805;114928325;137080419;186520533
Mormaço;4312427;-28,6968;-52,6999;240262;251976;321307;366753;638938;560243;526981;634065;1076725
Morrinhos do Sul;4312443;-29,3578;-49,9328;1077251;1030853;1097937;1306677;1550601;1902572;1740439;1665270;1885860
Morro Redondo;4312450;-31,58869999999;-52,6261;4464445;3949034;5039835;6199752;5965778;5469190;4133444;3897947;4993629
Morro Reuter;4312476;-29,5379;-51,08109999999;3468117;3882869;5396151;7421394;9056047;9272422;9320370;9170181;9313211
Mostardas;4312500;-31,10539999999;-50,91669999999;9167186;9361470;9595970;11596516;11633348;10128141;11998504;9832808;11785965
Muçum;4312609;-29,163;-51,8714;1699604;2352068;3365735;1968417;2949958;3097847;3017680;3277328;4271775
Muitos Capões;4312617;-28,31319999999;-51,18359999999;1144600;1128130;2044211;1428191;3272374;4681585;1997843;1456910;1950103
Muliterno;4312625;-28,32529999999;-51,7697;272226;316589;319982;411396;431215;549709;599074;565159;663273
Não-Me-Toque;4312658;-28,45479999999;-52,81819999999;7981657;9401743;10174770;15547630;16998366;15888827;16146286;17120082;17390297
Nicolau Vergueiro;4312674;-28,5298;-52,46759999999;285698;255523;355425;414827;501476;592858;609603;591892;654678
Nonoai;4312708;-27,3689;-52,77559999999;19434813;16590581;22537278;30730263;31257524;31718546;23991849;20676628;24670121
Nova Alvorada;4312757;-28,6822;-52,1631;3216875;4030936;5020468;6374958;8509096;9702081;10938467;13351917;14941031
Nova Araçá;4312807;-28,6537;-51,7458;2441913;2207742;2389545;3152844;3153508;4396613;3663349;2725764;3862368
Nova Bassano;4312906;-28,72909999999;-51,7072;13201529;25778458;27386586;26910800;27554663;27173268;12873581;8564068;9505581
Nova Boa Vista;4312955;-27,99259999999;-52,9784;775309;727598;1262365;1443460;1529854;2150672;2896066;3547449;4545112
Nova Bréscia;4313003;-29,2182;-52,0319;1071863;861158;853913;918062;994566;1161908;1345863;1391604;2090500
Nova Candelária;4313011;-27,6137;-54,10739999999;2433928;1956084;2144693;2619336;2891764;5614898;8331644;8940383;9201828
Nova Esperança do Sul;4313037;-29,4066;-54,8293;629417;717572;911724;981964;989674;1100111;1116858;1409525;1690938
Nova Hartz;4313060;-29,5807;-50,90509999999;38755034;50235277;44462819;35271626;40164525;36273629;30617219;26088230;27426757
Nova Pádua;4313086;-29,0275;-51,3098;1852706;1884854;2236887;2476191;2632001;3995971;4168924;4454635;4101510
Nova Palma;4313102;-29,471;-53,46889999999;3043637;3244216;4374542;5025046;5055987;4696297;6918082;6866309;6578355
Nova Petrópolis;4313201;-29,37409999999;-51,1135;18788339;23791057;32318071;41118004;35281909;36905002;56069117;38403694;73817958
Nova Prata;4313300;-28,7799;-51,6113;35827852;29408841;28938424;32857763;35969545;53472254;77369042;70438126;72227748
Nova Ramada;4313334;-28,0667;-53,69919999999;213637;330545;782908;1842279;2854288;5941726;15269111;15520948;15675408
Nova Roma do Sul;4313359;-28,98819999999;-51,4095;5712986;5201483;5826588;5751921;6109347;6144981;6279446;7154643;8629456
Nova Santa Rita;4313375;-29,85249999999;-51,2837;52309157;66694627;91959009;113160735;151471247;231705302;279784662;362687872;344855518
Novo Barreiro;4313490;-27,90769999999;-53,1103;551116;460380;683656;805254;1258976;1221266;1306071;1374466;1348194
Novo Cabrais;4313391;-29,73379999999;-52,9489;734922;727824;746096;801315;863439;1028786;1080709;1101632;1430229
Novo Hamburgo;4313409;-29,6876;-51,1328;328073898;335408984;360671185;408615801;426537905;422672333;425077700;464315302;508374606
Novo Machado;4313425;-27,57649999999;-54,50359999999;340365;369565;487278;692277;553938;597889;672828;740745;1090281
Novo Tiradentes;4313441;-27,5649;-53,1837;202271;215327;210735;229325;302299;285204;514885;467191;499455
Novo Xingu;4313466;-27,74309999999;-53,06159999999;167409;184511;195209;227220;248354;268299;306351;306967;383884
Osório;4313508;-29,8881;-50,2667;31383722;44296541;53521964;63415789;72095687;62905215;54564638;63959627;61719361
Paim Filho;4313607;-27,7075;-51,76299999999;731380;683452;707363;791904;876793;1062991;1289508;1034918;1346002
Palmares do Sul;4313656;-30,25349999999;-50,5103;9134874;7330791;9716186;14267333;15648924;12689626;15761564;14845161;14893571
Palmeira das Missões;4313706;-27,9006;-53,3134;19466919;15768055;18186922;43625326;57485314;42373154;45992985;56655297;56796669
Palmitinho;4313805;-27,3596;-53,558;1815632;2101159;2130937;2277476;2894007;2574405;2714215;2682896;3742945
Panambi;4313904;-28,2833;-53,50229999999;31742926;33984685;32021644;40494696;47426419;51707020;48539556;59543453;74809213
Pantano Grande;4313953;-30,1901;-52,3729;8693248;9159214;9131659;11554497;11849904;11225804;11762646;11154347;10947101
Paraí;4314001;-28,59639999999;-51,7896;7261564;8449542;9698229;13657524;15028669;14979412;16020893;16937123;30339772
Paraíso do Sul;4314027;-29,6717;-53,14399999999;1491872;1532907;1320304;1374486;1527852;1679310;1742523;1755033;2085909
Pareci Novo;4314035;-29,6365;-51,39739999999;1399084;1378645;1737293;2247364;2719472;3652135;3970792;4414418;5424252
Parobé;4314050;-29,6243;-50,8312;29967274;36255021;32413037;34862226;36144288;30149884;32590405;34776149;35533978
Passa Sete;4314068;-29,45769999999;-52,95989999999;441950;503080;538796;879196;952210;735966;661548;657818;740835
Passo do Sobrado;4314076;-29,748;-52,27479999999;2939644;2907320;4371713;4125320;3824214;4010622;5567098;5316915;6351293
Passo Fundo;4314100;-28,2576;-52,4091;207012779;231119947;268163770;368105512;412534687;443067834;588025072;744550000;709747493
Paulo Bento;4314134;-27,6978;-52,42609999999;2815433;3520048;4285076;4716089;5327082;4433800;6287828;7560091;8416467
Paverama;4314159;-29,5485;-51,73389999999;1955592;2224453;2503954;3465183;4135895;3610932;3604030;4064659;5129601
Pedras Altas;4314175;-31,72169999999;-53,58379999999;279444;199258;268852;292038;441148;731629;455363;1634495;633173
Pedro Osório;4314209;-31,8642;-52,81839999999;1254722;1496745;1784280;1813514;2084930;2339234;2193635;2115543;2750740
Pejuçara;4314308;-28,4283;-53,65789999999;1353717;1226436;1044139;1186705;2103816;2159730;1805111;2279652;2733891
Pelotas;4314407;-31,7649;-52,3371;201804287;189530043;224045942;244218399;270476463;299429071;372012943;383959871;409834842
Picada Café;4314423;-29,4464;-51,13669999999;15376357;18699156;26136014;22984485;20767095;16456096;12714191;12534182;14941564
Pinhal;4314456;-27,50799999999;-53,20819999999;4485264;3917358;5156031;4948669;4720934;8428256;9590806;9524497;13285851
Pinhal da Serra;4314464;-27,86339999999;-51,1702;249888;228051;899950;279406;322677;356318;396634;333119;463809
Pinhal Grande;4314472;-29,34499999999;-53,3207;518910;494447;679673;704262;798534;932043;934518;970706;1395499
Pinheirinho do Vale;4314498;-27,21089999999;-53,60799999999;482413;468508;558651;571595;616631;652024;776461;758829;1005145
Pinheiro Machado;4314506;-31,5794;-53,3798;17705508;21071007;24574767;24803689;29444502;27431451;25723886;22780782;22754843
Pinto Bandeira;4314548;-29;-54;551572;654064;742186;1003088;2244817;2314330;2601162;2967462;3007252
Pirapó;4314555;-28,0439;-55,20009999999;295634;299765;283367;358911;375666;385343;346449;614376;498563
Piratini;4314605;-31,44729999999;-53,09729999999;2506682;3155044;12099596;3468132;3815417;3801992;3627953;3918798;4787854
Planalto;4314704;-27,32969999999;-53,0575;3073601;3681451;2892338;2785636;3027763;3396736;3517972;3860783;5216833
Poço das Antas;4314753;-29,4481;-51,6719;627413;611887;865786;3612131;6281231;7069178;7552477;8845143;9814143
Pontão;4314779;-28,05849999999;-52,67909999999;646750;564058;807340;1119224;1247918;1305715;1029481;1108369;1616800
Ponte Preta;4314787;-27,6587;-52,4848;283323;907910;455541;545192;763149;787968;996871;1317953;1450628
Portão;4314803;-29,70149999999;-51,24289999999;35159038;40923616;38258215;49495328;48597574;52986092;52050034;58902293;72711825
Porto Alegre;4314902;-30,032778;-51,23;6959974251;7246594405;8106749024;8945228939;9801569351;10557089153;8014726413;7166811041;6129915859
Porto Lucena;4315008;-27,8569;-55,00999999999;625815;561240;696452;767488;765635;867644;816167;1004548;1203914
Porto Mauá;4315057;-27,57959999999;-54,6657;281054;256867;246339;289463;384910;345253;510948;451181;619508
Porto Vera Cruz;4315073;-27,7405;-54,8994;114848;84436;110445;343533;144391;183509;188347;265092;284545
Porto Xavier;4315107;-27,9082;-55,1379;5851693;5701905;3096099;6827631;3843610;3374943;6420118;4993136;7452363
Pouso Novo;4315131;-29,1738;-52,2136;337343;380002;360151;374631;428588;543138;538156;550126;718707
Presidente Lucena;4315149;-29,5176;-51,1798;3232200;1584102;3028086;7731102;10531360;11145298;13084140;15437050;15934637
Progresso;4315156;-29,24419999999;-52,31969999999;933277;990168;1297997;1465484;2048892;2214231;1729454;1639998;1770168
Protásio Alves;4315172;-28,7572;-51,4757;293652;415830;402229;1008469;1455257;1149599;501639;607423;767367
Putinga;4315206;-29,0045;-52,1569;1599775;1687602;1862149;2292476;2351483;3241092;3784682;3572406;2999678
Quaraí;4315305;-30,384;-56,4483;6168411;5612910;6868739;7366415;8537559;9901661;11732933;11687694;14778083
Quatro Irmãos;4315313;-27,81629999999;-52,44189999999;163797;188060;199249;508585;574962;490978;272456;412547;434097
Quevedos;4315321;-29,3504;-54,07889999999;142598;218127;308056;335077;257282;675479;583250;380112;520939
Quinze de Novembro;4315354;-28,7465;-53,1011;642642;774557;928440;1142319;1676468;1960209;1617167;1870701;2277320
Redentora;4315404;-27,664;-53,6407;644085;748888;768452;1147899;1173117;1036760;1474683;1324428;2098446
Relvado;4315453;-29,11639999999;-52,0778;434346;450621;461086;459530;679148;530589;542274;648100;825660
Restinga Sêca;4315503;-29,8188;-53,38069999999;8634597;8811874;9603190;9710840;9135697;10132468;12133657;11720997;14078851
Rio dos Índios;4315552;-27,2973;-52,8417;290512;364145;428693;388098;412859;566824;628484;833518;693656
Rio Grande;4315602;-32,0349;-52,1071;382193392;145188124;118022836;134964559;148181259;452720526;709527397;716758111;1023670679
Rio Pardo;4315701;-29,988;-52,37109999999;17783716;12480232;14750186;17696789;17853466;19857046;20367162;24684081;27227598
Riozinho;4315750;-29,63899999999;-50,44879999999;6092074;6184767;5749244;8263757;7278279;8606721;5438352;4836604;4646750
Roca Sales;4315800;-29,28839999999;-51,8658;12798219;12498103;10064779;10981495;16791422;20798099;23976870;22460764;26734849
Rodeio Bonito;4315909;-27,4742;-53,1706;2253297;2970226;3343340;3459229;4016228;4633820;6172059;7838670;9176241
Rolador;4315958;-28,25767;-54,81864;164433;231957;202554;398751;950854;373448;591341;479005;630594
Rolante;4316006;-29,6462;-50,58189999999;14465034;19732704;21584503;21516031;20728935;20383587;22406416;22496055;24616988
Ronda Alta;4316105;-27,7758;-52,80559999999;2669540;2266244;2773459;3833504;4044376;4265090;4051655;4164490;5515475
Rondinha;4316204;-27,83149999999;-52,90809999999;1949033;1122858;2031091;2572813;2585304;3855197;5834751;5715409;4875769
Roque Gonzales;4316303;-28,1297;-55,0266;1111813;1044877;1102072;1123814;1324619;1291044;1679334;1365654;2140426
Rosário do Sul;4316402;-30,2515;-54,9221;18376401;24357210;20705848;22392343;23620588;23028520;23596500;21079725;23106304
Sagrada Família;4316428;-27,7085;-53,1351;158251;195140;200802;258764;344228;337315;371697;508059;634276
Saldanha Marinho;4316436;-28,3941;-53,097;648002;631246;666167;1000976;1202350;973860;1101855;1072799;2147810
Salto do Jacuí;4316451;-29,09509999999;-53,21329999999;4409907;4824624;4229625;3772728;4779669;4317127;4713009;4181405;4343567
Salvador das Missões;4316477;-28,1233;-54,83729999999;2309841;1448196;1477107;1938364;2194670;2062472;2730249;2595711;3269564
Salvador do Sul;4316501;-29,4386;-51,5077;9216314;9669441;7465964;12615572;15181731;8383747;7125579;8013723;8198557
Sananduva;4316600;-27,94699999999;-51,80789999999;15690320;14673971;14488845;16805390;17707802;21702426;19643565;19592897;27391298
Santa Bárbara do Sul;4316709;-28,3653;-53,25099999999;4197704;4578769;4507960;7154881;8320691;7442981;5659232;6700018;6423397
Santa Cecília do Sul;4316733;-28,1537;-51,9296;172619;263180;217965;249195;312597;351434;441322;517848;539861
Santa Clara do Sul;4316758;-29,47469999999;-52,08429999999;3081626;6754113;9240926;9275853;14600037;16628819;15453214;19748890;22799144
Santa Cruz do Sul;4316808;-29,722;-52,4343;252546154;257583103;313714224;376496092;415375994;474988451;562515856;571715757;657405883
Santa Margarida do Sul;4316972;-30,32959999999;-54,08229999999;1809440;1812708;2200205;1706775;2315758;2446275;661785;743982;1667057
Santa Maria;4316907;-29,6868;-53,81499999999;183634093;182917463;208659587;243412959;296993688;281537605;295406853;321646671;363970718
Santa Maria do Herval;4316956;-29,4902;-50,9919;4055815;3851637;4620115;6642345;7498074;8431629;8354711;8041936;8334469
Santa Rosa;4317202;-27,8702;-54,47959999999;44297394;37994088;40212759;44533704;49008587;54334314;60011926;17800771;17720398
Santa Tereza;4317251;-29,1655;-51,7351;312004;290942;363705;370903;376818;388798;403457;1281847;1327708
Santa Vitória do Palmar;4317301;-33,52499999999;-53,37169999999;7047995;6393312;7311660;12360887;13333857;15315478;22541831;43430649;49453559
Santana da Boa Vista;4317004;-30,8697;-53,10999999999;723874;564821;659571;917928;879279;1236699;1029550;69132114;87477991
Santana do Livramento;4317103;-30,88769999999;-55,5315;23900731;23739895;26120754;35064505;32262042;35101148;40407857;415333;522213
Santiago;4317400;-29,18969999999;-54,86659999999;12038656;13732273;13924082;16029390;18358409;21949806;23376248;25211589;31584592
Santo Ângelo;4317509;-28,3001;-54,2668;55145168;54898878;64919341;76405244;85093898;93137069;100403377;105691603;94209896
Santo Antônio da Patrulha;4317608;-29,82679999999;-50,51749999999;29696438;29405320;40933575;62161125;54833671;51895759;62467404;60149872;77879393
Santo Antônio das Missões;4317707;-28,51399999999;-55,22509999999;2101791;2300620;2709956;2184320;4060781;2718318;3591986;3526913;4343538
Santo Antônio do Palma;4317558;-28,4956;-52,02669999999;524172;562853;765916;1090357;1173800;1154466;1012506;1039938;974739
Santo Antônio do Planalto;4317756;-28,40309999999;-52,69919999999;301720;301619;416328;452424;482643;575446;622162;745241;614900
Santo Augusto;4317806;-27,85259999999;-53,7776;4325428;3798338;3992462;5101473;6370248;6993002;7709469;9485288;13195472
Santo Cristo;4317905;-27,8263;-54,66199999999;17563022;16330439;11873948;15614251;14441554;15869157;13314405;18208923;22446539
Santo Expedito do Sul;4317954;-27,90739999999;-51,6433;347423;465626;391202;977283;549254;495206;496738;544645;672785
São Borja;4318002;-28,6578;-56,00359999999;79457470;66557786;71636451;83917702;78472784;80636238;82787464;78345720;79814387
São Domingos do Sul;4318051;-28,53119999999;-51,886;549805;617639;699586;749989;855852;1003929;1171052;1346523;1947389
São Francisco de Assis;4318101;-29,5547;-55,1253;3115851;3054865;2938587;3551215;3909888;4447710;4796749;4531515;5800568
São Francisco de Paula;4318200;-29,4404;-50,58279999999;7929998;7577399;8618571;9442430;10065082;9288483;8145884;9812189;14425436
São Gabriel;4318309;-30,3337;-54,3217;32847891;27124106;30341858;37554564;36887744;49649418;61399245;56641795;60580621
São Jerônimo;4318408;-29,97159999999;-51,72509999999;36225091;37113755;41310810;49800800;53500575;52865348;55938805;62035384;63743510
São João da Urtiga;4318424;-27,8195;-51,82569999999;1074792;924098;1089423;1286335;1699946;1811133;2022818;2528440;2383514
São João do Polêsine;4318432;-29,61939999999;-53,44389999999;1078417;1161947;1427001;2042609;2571785;3083705;2898546;2570748;2860895
São Jorge;4318440;-28,4984;-51,7064;829015;693737;792050;982390;902623;1031285;1115920;1417571;1603654
São José das Missões;4318457;-27,7789;-53,12259999999;169522;183667;217916;238056;294915;286438;328645;317071;410446
São José do Herval;4318465;-29,052;-52,295;1643347;513968;716793;805296;569204;646159;1569752;1771417;1283695
São José do Hortêncio;4318481;-29,52799999999;-51,245;1415301;3867169;4477823;6469148;6507306;5878779;3904198;5169378;5665688
São José do Inhacorá;4318499;-27,7251;-54,12749999999;278610;399801;447524;594080;681606;809088;1088655;1142615;1491665
São José do Norte;4318507;-32,01509999999;-52,03309999999;3418056;3906912;3640697;5221262;7819333;6699329;6698161;6798680;10421542
São José do Ouro;4318606;-27,7707;-51,5966;3144247;3300244;3288899;3973257;7145704;6466383;4833464;5063998;6256263
São José do Sul;4318614;-29,529;-51,48709999999;478741;613619;698436;971835;1200370;1207925;1029556;1499117;2363089
São José dos Ausentes;4318622;-28,74759999999;-50,0677;874414;1136176;1115712;1133058;1182324;2064529;1231628;1889738;1861732
São Leopoldo;4318705;-29,7545;-51,14979999999;212353490;235470272;256646846;279535671;277178840;260868695;281269003;609242218;1553810089
São Lourenço do Sul;4318804;-31,3564;-51,97149999999;12565556;12063433;12833451;15226678;15604704;17682316;19622968;22129606;24882803
São Luiz Gonzaga;4318903;-28,41199999999;-54,9559;12605846;13499064;13367898;18692601;20735102;19793819;19491669;19717321;26944290
São Marcos;4319000;-28,9677;-51,0696;22532951;25922246;34371369;39749719;41297925;40531648;39756922;43157545;59834170
São Martinho;4319109;-27,7112;-53,9699;1412776;1308569;1463359;6927598;13244591;2908874;4345536;2919428;3902638
São Martinho da Serra;4319125;-29,5397;-53,859;161428;229895;220677;301425;437898;415155;513855;644951;758249
São Miguel das Missões;4319158;-28,556;-54,5559;1074274;1244203;1606880;1738584;3384407;2448640;2709616;2765584;3437337
São Nicolau;4319208;-28,18339999999;-55,2654;825481;545673;567412;852178;1233882;783172;1071283;1035918;1133888
São Paulo das Missões;4319307;-28,0195;-54,94039999999;720649;724204;751551;949127;951013;976134;1272577;1902991;14826551
São Pedro da Serra;4319356;-29,4193;-51,51339999999;773020;991037;1283480;1405636;1757041;2016343;2186345;2422349;2954047
São Pedro das Missões;4319364;-27,77321999999;-53,25047;133188;148731;147701;154926;223275;226084;267376;287801;325229
São Pedro do Butiá;4319372;-28,1243;-54,8926;451516;440532;597925;941633;1078708;1145404;1296773;1385934;1790533
São Pedro do Sul;4319406;-29,6202;-54,18549999999;5488005;5874468;6395404;6683103;7425242;8159388;10507523;9016452;10978127
São Sebastião do Caí;4319505;-29,5885;-51,37489999999;19230123;21563429;22943100;27538585;31442644;34208532;31946391;31914225;35836668
São Sepé;4319604;-30,1643;-53,56029999999;10099662;9267565;10310535;10743771;11819707;13503643;17564508;15733146;20573742
São Valentim;4319703;-27,55829999999;-52,52369999999;748287;662868;761990;812434;808216;920204;832478;1014462;1146264
São Valentim do Sul;4319711;-29,0451;-51,7684;622696;718775;742977;673893;744799;842308;969880;1076013;1320005
São Valério do Sul;4319737;-27,7906;-53,93679999999;112941;111715;110513;119857;144026;173670;184564;159169;213712
São Vendelino;4319752;-29,3729;-51,3675;1195079;1160094;1493207;1865883;1816756;1970404;2541931;2726677;3251612
São Vicente do Sul;4319802;-29,68819999999;-54,6826;2957089;2561592;2289800;2726681;2111800;3638897;4749134;3595628;3549201
Sapiranga;4319901;-29,63489999999;-51,0065;66555030;73418618;87441106;101676867;101740350;120241568;116281436;135773991;200908723
Sapucaia do Sul;4320008;-29,8276;-51,145;362930765;395760479;445847106;459086860;447239141;463227564;446849879;448061680;460714146
Sarandi;4320107;-27,942;-52,92309999999;22004911;20189592;22702009;20556785;22987645;23512049;23831128;30036106;29643773
Seberi;4320206;-27,4829;-53,4026;4024721;3892502;4503558;6607666;7065161;7002629;11121786;8972325;10627069
Sede Nova;4320230;-27,6367;-53,9493;322470;1023055;657320;1078749;1205915;701687;599200;686615;898836
Segredo;4320263;-29,3523;-52,9767;723390;652003;792207;882557;982670;1110987;1087402;1208775;1271967
Selbach;4320305;-28,6294;-52,9498;1529068;1621748;1644458;2346346;3733591;3322871;3591263;4059979;4249651
Senador Salgado Filho;4320321;-28,025;-54,55069999999;494151;1303923;2827550;2725543;2811814;2461225;533940;531219;963744
Sentinela do Sul;4320354;-30,6107;-51,58619999999;1625202;1587515;2756402;3195503;2800027;4171137;5214046;5071027;4468489
Serafina Corrêa;4320404;-28,71259999999;-51,93529999999;14974083;11742342;12114725;14238596;15728908;11312351;14670639;18895195;22061919
Sério;4320453;-29,3904;-52,2685;266933;245617;227238;263125;282802;328323;345914;304018;487520
Sertão;4320503;-27,9798;-52,2588;1316424;1463948;1473183;1908885;1925606;3769779;2307491;2623166;3274539
Sertão Santana;4320552;-30,45619999999;-51,6017;8259230;6428551;5053547;6506569;6488096;7859022;10771802;10230818;8761374
Sete de Setembro;4320578;-28,13619999999;-54,4637;153243;140860;177750;206847;246602;260076;303789;301293;415390
Severiano de Almeida;4320602;-27,43619999999;-52,12169999999;792171;815952;882589;955114;1019362;1067784;1137183;1207433;1746159
Silveira Martins;4320651;-29,64669999999;-53,591;503080;641779;779024;777934;841394;953127;1033317;997554;1143611
Sinimbu;4320677;-29,53569999999;-52,5305;1402891;1288633;1386396;1378128;1626178;1695755;1975153;1946595;2103877
Sobradinho;4320701;-29,4194;-53,0326;4675663;4869539;6796009;5508721;6453775;6468746;9343256;7229602;6805703
Soledade;4320800;-28,8306;-52,5131;7138472;7414100;8528529;9941284;11323943;13121188;12016939;13024390;16054097
Tabaí;4320859;-29,643;-51,68229999999;623074;712907;896340;861622;904851;1051187;1128529;1284582;1675601
Tapejara;4320909;-28,0652;-52,0097;35975380;40949081;48819705;51824848;47835856;57209961;63723443;70768003;74944638
Tapera;4321006;-28,6277;-52,86119999999;3843530;5066916;6033066;6447206;7021374;6219565;8596228;7932984;7524707
Tapes;4321105;-30,66829999999;-51,39909999999;6592310;6331227;6653577;7184518;6235647;9426210;8169941;5394595;6321669
Taquara;4321204;-29,6505;-50,7753;30916405;31029562;30944899;34132616;39735557;40852080;40503425;42374630;44331568
Taquari;4321303;-29,7943;-51,86529999999;24820706;22439212;32123551;43410802;36575054;39085648;43150452;49766170;59883861
Taquaruçu do Sul;4321329;-27,4004;-53,4703;447006;501005;466570;603179;785890;1053120;1194896;1417587;1627475
Tavares;4321352;-31,2843;-51,088;1664107;1494236;1418242;1393382;1776215;1918254;2201841;1849156;2203028
Tenente Portela;4321402;-27,37109999999;-53,75849999999;3051061;2730637;2874556;4465458;4031526;4772852;5243871;6698182;7837925
Terra de Areia;4321436;-29,57819999999;-50,06439999999;2634704;2575873;3051833;3072890;3352906;3497355;3829818;4289184;4968882
Teutônia;4321451;-29,4482;-51,8044;56107062;72254793;64681605;94557177;79012782;92172801;122944722;136384082;141078677
Tio Hugo;4321469;-28,57404;-52,5949;556955;815038;806038;1008299;1437457;1184658;1268381;1342032;1460682
Tiradentes do Sul;4321477;-27,4022;-54,0814;528683;532659;636423;772551;819247;870990;1185319;1200118;1793255
Toropi;4321493;-29,4782;-54,2244;262305;279002;363503;407284;561857;603710;680895;834271;739904
Torres;4321501;-29,3334;-49,7333;115546051;143398813;145698051;198746657;189742033;155488513;99502089;38982699;49166823
Tramandaí;4321600;-29,9841;-50,13219999999;10762677;10316525;11553520;12894421;14145948;15133071;16749175;18557244;20614329
Travesseiro;4321626;-29,29769999999;-52,05319999999;2178559;3585510;3213475;2841174;3151057;1373327;941487;2073090;3117989
Três Arroios;4321634;-27,50029999999;-52,14479999999;503956;481793;564416;690385;886358;932647;913893;1014460;1452847
Três Cachoeiras;4321667;-29,44869999999;-49,9275;4402442;4299640;4738870;18732394;29449047;6122666;6276122;6731943;8790193
Três Coroas;4321709;-29,5137;-50,77389999999;50707305;50486753;52840866;48011844;48689815;46988534;51629112;52280635;48330744
Três de Maio;4321808;-27,78;-54,2357;13271621;13477125;14946857;14276374;16964211;24029565;34680163;29405524;31626707
Três Forquilhas;4321832;-29,53839999999;-50,07079999999;510010;590058;554401;597627;701952;842163;931948;685392;759999
Três Palmeiras;4321857;-27,6139;-52,84369999999;805409;604155;667073;911136;965116;1498741;1292333;1489751;1714702
Três Passos;4321907;-27,4555;-53,9296;29151628;16569522;20661100;31003810;25627642;27822443;27970385;30668346;34299628
Trindade do Sul;4321956;-27,5239;-52,8956;5438709;6092671;8111176;9117370;12051572;11447575;13400819;7732792;8769940
Triunfo;4322004;-29,92909999999;-51,7075;142598468;184579580;156591105;127654268;264065220;471542619;665624854;897764238;1308091862
Tucunduva;4322103;-27,65729999999;-54,44389999999;2110371;1644984;1789061;2214817;2758059;2362592;7101792;4185311;4239197
Tunas;4322152;-29,10389999999;-52,9538;342496;320932;312860;452755;529678;588375;507714;501254;624158
Tupanci do Sul;4322186;-27,92409999999;-51,5383;210595;193420;212792;200108;238568;255794;318863;347547;458408
Tupanciretã;4322202;-29,08579999999;-53,84449999999;7445427;7165063;7176609;9057512;12856850;10252896;12259374;14962383;14441807
Tupandi;4322251;-29,4772;-51,4174;4127171;5444402;9504340;10208027;12797054;14265340;10421098;15161749;20345310
Tuparendi;4322301;-27,75979999999;-54,4814;2005447;1597844;1924521;2561124;2763681;3143089;3497728;3830943;5287074
Turuçu;4322327;-31,4173;-52,1706;332364;354688;382273;445101;459175;764419;826347;572602;743210
Ubiretama;4322343;-28,0404;-54,68589999999;148777;170993;221126;248438;270166;294126;338505;301792;468349
União da Serra;4322350;-28,7833;-52,0238;285703;266294;293933;357745;342148;394570;418857;494720;700401
Unistalda;4322376;-29,03999999999;-55,15169999999;141712;287760;233195;396487;274941;336057;316224;373755;524641
Uruguaiana;4322400;-29,76139999999;-57,08529999999;82335214;70665988;80229902;84923680;86883209;103562943;105720269;107331042;115978589
Vacaria;4322509;-28,50789999999;-50,9418;87229406;73723387;71790475;82195486;85333398;76158961;59348791;51846629;63138626
Vale do Sol;4322533;-29,59669999999;-52,6839;1378687;1409462;1543974;1860166;2063801;2272370;2331106;2295404;2437595
Vale Real;4322541;-29,3919;-51,25589999999;1940335;2162054;2261414;2937264;3227875;5344819;6477348;6663063;8984243
Vale Verde;4322525;-29,7864;-52,18569999999;1244280;1085316;777030;585836;1154177;1511892;1378636;1491355;2687408
Vanini;4322558;-28,4758;-51,8447;459896;398642;480580;524094;596029;680215;687735;688705;952357
Venâncio Aires;4322608;-29,6143;-52,19319999999;41175545;40938041;44156018;51440696;54993701;59427105;64897843;66229746;77542029
Vera Cruz;4322707;-29,71839999999;-52,5152;7900520;7920280;10040532;12129696;13938270;17459625;23391652;23512543;29811732
Veranópolis;4322806;-28,9312;-51,5516;53280161;62300444;63130296;50761594;54548404;53768011;58404050;58868305;81742153
Vespasiano Correa;4322855;-29,0655;-51,8625;344980;371630;377190;474634;535618;625617;538467;696524;715242
Viadutos;4322905;-27,5716;-52,02109999999;947588;911218;959187;1154051;1424697;1286464;1312408;1452077;1708652
Viamão;4323002;-30,0819;-51,01939999999;382964913;390157924;405627513;451484140;569261390;533559357;505328697;604744830;563164780
Vicente Dutra;4323101;-27,16079999999;-53,4022;468895;439344;452276;487478;558803;582697;812842;880219;1100248
Victor Graeff;4323200;-28,56319999999;-52,74949999999;709946;831869;740208;979507;1532365;1497497;1328098;1729445;1826384
Vila Flores;4323309;-28,8598;-51,5504;5507044;5569457;6823215;8359773;8998251;10126214;9957890;9702047;13315771
Vila Lângaro;4323358;-28,1062;-52,14379999999;549933;505439;869470;1371196;1944482;2708603;3141940;4913839;3951548
Vila Maria;4323408;-28,5359;-52,14869999999;2437491;2095458;2074603;2711026;4781668;3294561;3636924;4578994;7066824
Vila Nova do Sul;4323457;-30,3461;-53,87599999999;475266;514128;626012;675760;913375;1221904;1848845;1435941;1947615
Vista Alegre;4323507;-27,3686;-53,4919;1599975;2090824;1968221;5854206;2608620;758036;846127;1122782;4529988
Vista Alegre do Prata;4323606;-28,80519999999;-51,7946;382349;368556;752179;946546;1261668;393776;491340;507155;561611
Vista Gaúcha;4323705;-27,29019999999;-53,6974;1054187;493635;630098;638103;678222;773823;870828;1029958;1695927
Vitória das Missões;4323754;-28,3516;-54,50399999999;307169;297778;367623;519327;982003;541797;616493;889423;954412
Westfalia;4323770;-29,3744;-51,74629999999;1459341;1557091;2016283;4630149;6267490;6255292;6642292;8543881;9175168
Xangri-lá;4323804;-29,8065;-50,0519;3976839;4042670;4557889;4885321;6122359;6709012;7532498;8329478;9641489
