variavel: PIB per capita;;;;;;;;;;;;
caminho: /Contabilidade Social/Série 2002 em diante/PIB per capita;;;;;;;;;;;;
fonte: Fundação de Economia e Estatística/Núcleo de Contabilidade Social. ;;;;;;;;;;;;
agrupador: Município;;;;;;;;;;;;
descricao: ;;;;;;;;;;;;
Município;ibge;latitude;longitude;2010 (R$);2011 (R$);2012 (R$);2013 (R$);2014 (R$);2015 (R$);2016 (R$);2017 (R$);2018 (R$)
Aceguá;4300034;-31,86075999999;-54,16705999999;23776,87;26175,89;24066,83;39171,43;45310,68;51154,67;54136,7;55081,87;51069,07
Água Santa;4300059;-28,1672;-52,03099999999;26985,47;30589,01;35978,78;63605,38;59909,5;68969,23;69962,78;66989,56;88151,28
Agudo;4300109;-29,6447;-53,2515;14649,46;17002,57;18181,49;20703,32;25117,46;25057,96;25800,86;28455,96;30258,08
Ajuricaba;4300208;-28,2342;-53,7757;18307,8;26221,22;22490,07;27371,49;26824,21;32248,41;35732,39;34772,75;42299,19
Alecrim;4300307;-27,6579;-54,76489999999;8293,73;9334,69;9895,75;12158,66;12794,83;13687,25;15063,05;15753,41;18159,02
Alegrete;4300406;-29,79019999999;-55,79489999999;13703,92;14313,44;16913,72;19176,1;21199,24;23186,08;24317,97;25890,38;29467,27
Alegria;4300455;-27,83449999999;-54,0557;10843,38;13149,76;11214,83;17647,08;19862,64;22384,79;27283,31;25175,9;31929,57
Almirante Tamandaré do Sul;4300471;-28,10859999999;-52,9119;29465,19;35636,23;28224,11;49931,66;49748,88;58018,3;66851,15;62677,88;83157,15
Alpestre;4300505;-27,2502;-53,0341;10401;11145,44;10743,61;14042,23;15678,52;70085,19;59494,74;70927,03;76014,58
Alto Alegre;4300554;-28,7769;-52,98919999999;15977,96;20415,31;21178,48;31242,78;29501,78;31030,84;36680,67;35425,58;40017,04
Alto Feliz;4300570;-29,3919;-51,3123;12413,15;13966,72;15262,36;19243,45;21539,17;25394,37;26745,37;27654,76;31143,68
Alvorada;4300604;-29,99139999999;-51,0809;6952,51;7822,66;8846,02;9765,91;10637,31;11332,08;12583,4;12524,18;12914,08
Amaral Ferrador;4300638;-30,87559999999;-52,25099999999;7966,37;10039,44;9636,32;12299,58;11107,49;12734,01;16342,72;15008,24;14085,63
Ametista do Sul;4300646;-27,3607;-53,183;7102,16;7750,39;8684,03;9608,5;10417,26;11506,74;12016,9;13164,88;16218,9
André da Rocha;4300661;-28,62829999999;-51,5797;29323,36;34997,61;31869,13;78646,73;83560,34;82081,16;95207,42;77749,08;83234,43
Anta Gorda;4300703;-28,96979999999;-52,01019999999;14677,96;17697,12;18144,97;23635,19;27142,16;28173,67;30835,84;32538,5;35792,01
Antônio Prado;4300802;-28,8565;-51,2883;19520,51;21614,71;24188,17;28001,02;32224,11;36218,62;39147,2;40496,71;46929,32
Arambaré;4300851;-30,9093;-51,5046;18140,69;16674,71;22367,26;27334,45;30552,6;34572,64;35992,97;38201,48;33616,2
Araricá;4300877;-29,6168;-50,92909999999;15330,39;18095,75;20144,39;23551,97;28941,02;27035,59;27517,8;26766,37;28896,53
Aratiba;4300901;-27,3978;-52,29749999999;166136,14;174290,64;130075,1;131519,94;90978,31;139757,43;144368,52;133833,9;127640,3
Arroio do Meio;4301008;-29,40139999999;-51,9557;27422,65;38113,46;37096,24;42212,97;44691,35;46833,32;51976,54;52217,83;59080,01
Arroio do Padre;4301073;-31,4316;-52,41709999999;9959,71;10248,01;12466,51;14087,2;16930,88;15442,14;17703,35;20140,95;15583,92
Arroio do Sal;4301057;-29,5439;-49,88949999999;13461,76;15067,37;17073,18;17968,89;19038,09;20945,32;22726,57;24638,41;22719,58
Arroio do Tigre;4301206;-29,3348;-53,0966;14846,36;15065,1;16643,2;22225,12;22021,48;22412,71;23409,27;24995,39;25173,18
Arroio dos Ratos;4301107;-30,0875;-51,72749999999;8183,88;8262,11;10250,76;12311,11;13873,15;15996,52;16280,71;16592,98;18526,84
Arroio Grande;4301305;-32,2327;-53,08619999999;16153,27;16064,62;18230,49;23116,3;23730,61;26849,43;26885,27;32643,03;29608,24
Arvorezinha;4301404;-28,87369999999;-52,1781;11197,44;13222,22;14024,37;17189,22;19741,99;21156,23;23339,66;24221,72;23846,62
Augusto Pestana;4301503;-28,51729999999;-53,9883;19810,99;23081,28;21241,6;33232,41;33200,64;36567,74;41799,5;41440,73;50680,21
Áurea;4301552;-27,6936;-52,0505;13052,39;15205,7;15158,61;18321,79;23720,47;24005,42;28011,38;26082,49;30231,78
Bagé;4301602;-31,32969999999;-54,09989999999;11028,73;11974,79;14150,13;17040,92;18366,05;21060,01;23332,43;24601,29;24620,88
Balneário Pinhal;4301636;-30,2419;-50,2336;9320,28;9962,06;11171,85;12767,73;13712,77;15166,38;16389,19;17299,55;15745,16
Barão;4301651;-29,3725;-51,4949;19441,34;22142,53;23740,28;32296,34;33773,35;31454,5;27997,54;28395,89;34635,32
Barão de Cotegipe;4301701;-27,62079999999;-52,3798;15326,14;16191,41;15817,72;21532,44;25368,13;24846,05;29090,79;30461,89;32944,09
Barão do Triunfo;4301750;-30,38909999999;-51,73839999999;8314,07;10327,8;10094,58;12621,72;13192,22;13154,16;15283,04;15355,95;14899,99
Barra do Guarita;4301859;-27,19269999999;-53,7109;7366,44;8103,56;8582,94;10715,56;11684,64;11797,22;12773,53;12939,6;12980,24
Barra do Quaraí;4301875;-30,2029;-57,5497;28265,96;21288,58;25898,66;32085,88;37650,04;43856,23;41692,18;47852,46;41512,15
Barra do Ribeiro;4301909;-30,2939;-51,3014;13336,85;13569,96;15763,72;16738,31;19780,41;22271,48;23770,1;24744,99;23808,18
Barra do Rio Azul;4301925;-27,4068;-52,4084;13504,1;14603,06;14314,85;18881,57;21639,57;21619,35;26680,04;25296,31;28324,42
Barra Funda;4301958;-27,9205;-53,03909999999;31016,16;31432,2;33851,43;38942,77;42524,78;41854,23;46463,95;45126,69;51934,53
Barracão;4301800;-27,6739;-51,45859999999;20359,27;22053,33;22596,36;26588,66;27031,43;31113,92;39019,1;33927,08;41223,77
Barros Cassal;4302006;-29,0947;-52,58359999999;9378,46;10563,26;9670,6;12466,02;13720,36;13995,47;15973,18;16702,47;18267,07
Benjamin Constant do Sul;4302055;-27,5086;-52,59949999999;7243,85;8251,69;6965,35;10277,89;11382,05;11975,93;14025,08;13680,22;15705,07
Bento Gonçalves;4302105;-29,1662;-51,5165;32680,96;36207,68;39374,71;42668,85;47522,84;46383,26;45112;48069,12;50090,88
Boa Vista das Missões;4302154;-27,6671;-53,3102;35472,58;39564,95;26901,54;53788,58;50659,94;55531,04;63575,92;52738,78;74115,58
Boa Vista do Buricá;4302204;-27,6693;-54,10819999999;15591,89;16813,71;16699,77;21918,67;24076,41;24910,11;27527,02;28337,96;31944,72
Boa Vista do Cadeado;4302220;-28,5716;-53,8138;38437,75;49245,26;30287,65;70870;68952,67;71698,34;95036,77;86135,32;111358,71
Boa Vista do Incra;4302238;-28,8092;-53,3874;29960,3;38012,57;30829,52;55841,03;48126,9;55481,32;70519,92;60828,85;78059,04
Boa Vista do Sul;4302253;-29,35439999999;-51,6687;15764,25;17340,77;16628,44;20117,88;23470,14;24994,73;24989,9;25679,93;32609,62
Bom Jesus;4302303;-28,66969999999;-50,42949999999;14963,59;16346,7;18711,41;21271,26;22616,17;24012,57;28583,01;25929,56;29455,96
Bom Princípio;4302352;-29,4856;-51,35479999999;21675,19;22433,02;26970,32;29335,67;33876,75;37531,63;39297,3;40561,86;47015,72
Bom Progresso;4302378;-27,53989999999;-53,8716;13761,86;14008,59;13214,97;19707,94;20842,7;21519,04;25111,99;24099,79;26576,4
Bom Retiro do Sul;4302402;-29,60859999999;-51,94639999999;13439,7;13389,16;15266,73;16624,69;17309,54;19215,5;20663,8;21561,41;24714,62
Boqueirão do Leão;4302451;-29,3046;-52,4284;10400,66;12114,07;10897,64;12853,48;13881,86;12926,2;14524,86;16856,95;17035,2
Bossoroca;4302501;-28,72909999999;-54,9035;20327,56;21853,1;18185,12;31534,98;32060,9;34793,6;43103,18;40024,29;51819,37
Bozano;4302584;-28,36746;-53,77223999999;17560,01;21870,62;14203,29;31952,13;32942,97;42591,64;48866;47342,47;72960,7
Braga;4302600;-27,6173;-53,74049999999;12841,61;13798,02;13635,51;18871,05;19230,57;19635,19;21698,26;20880,99;25280,38
Brochier;4302659;-29,5501;-51,59449999999;11441,55;11974,04;13276,93;14011,99;15415,85;16354,15;15997,7;17390,55;16588,07
Butiá;4302709;-30,11789999999;-51,96009999999;12773;13702,91;13256,67;15581,5;17618,38;19280,72;20170,19;20409,85;21264,2
Caçapava do Sul;4302808;-30,51439999999;-53,4827;12071,22;13440;14568,32;18075,58;19187,34;20927,02;22617,25;23553,41;24228,03
Cacequi;4302907;-29,8883;-54,822;11515,36;12956,65;14982,87;18315,13;20460,69;22700,12;22617,29;23695,04;26938,69
Cachoeira do Sul;4303004;-30,033;-52,8928;14579,4;16759,82;18110,47;21267,8;23867,48;24775,19;26602,24;26888,12;28528,77
Cachoeirinha;4303103;-29,94719999999;-51,10159999999;35912,55;39866,2;43616,02;45568,6;49300,82;47494,74;39672,57;38959,54;40778,59
Cacique Doble;4303202;-27,76699999999;-51,6597;12151,08;12660,79;14143,34;14741,89;16727,57;17096,03;20060;18829,8;22514,36
Caibaté;4303301;-28,2905;-54,6454;13989,61;17418,11;15441,9;25869,41;26165,1;27292,51;33415,11;31572,47;36721,95
Caiçara;4303400;-27,2791;-53,42569999999;10182,24;11604,03;11334,79;15709,46;17327,68;16207,13;19277,08;19234,91;21186,87
Camaquã;4303509;-30,8489;-51,80429999999;16482,02;17557,41;20362,6;22698,49;25169,63;26105,86;29028,45;30617,83;30465,98
Camargo;4303558;-28,588;-52,20029999999;20195,55;22678,69;29675,96;51010,04;53347,65;57890,31;61785,21;61001,38;60853,95
Cambará do Sul;4303608;-29,0474;-50,1465;16152,21;17367,09;15175,03;16311,33;17987,32;19580,46;21221,95;22252,48;28008,65
Campestre da Serra;4303673;-28,7926;-51,09409999999;19143,36;20391,17;24404,08;27900,56;31949,63;37591,86;42714,68;43145,21;50780,76
Campina das Missões;4303707;-27,9888;-54,8417;11193,03;13083,23;13068,78;16755,56;17621,74;20176,86;24123,95;24414,54;27450,04
Campinas do Sul;4303806;-27,7174;-52,6248;19238,94;22897,09;23310,35;31526,14;30631,32;31399,12;36675,14;34165,71;40461,26
Campo Bom;4303905;-29,6747;-51,0606;29194,68;29139,25;30586,51;34271,34;36609,57;40521,77;43013,28;43365,16;47163,5
Campo Novo;4304002;-27,6792;-53,80519999999;17244,76;19403,79;18908,77;27437,74;29827,3;33560,98;37370,82;36825,17;45569,06
Campos Borges;4304101;-28,8871;-53,00079999999;14717,23;14614,59;13875,53;21743,37;20803,6;23343,27;25702,83;24598,31;29714,95
Candelária;4304200;-29,66839999999;-52,78949999999;12710,84;13835,67;14926,21;18067,51;19090,12;21191,76;21272,53;24459,76;26579,24
Cândido Godói;4304309;-27,95149999999;-54,7517;19231,89;19405,03;18555,61;24761,76;28061,15;28327,2;33046,66;34009,61;38102,02
Candiota;4304358;-31,5515;-53,6773;75153,51;35213,15;13222,48;12665,03;21770,13;28754,35;49623,54;53684,81;66192,85
Canela;4304408;-29,356;-50,8119;12949,91;13567,73;16935,15;17313,26;19275,76;21352,56;22349,36;23256,35;25378,74
Canguçu;4304507;-31,396;-52,67819999999;8988,92;9778,75;10672,64;14113,71;16039,91;16957,21;19317,61;20327,86;19932,46
Canoas;4304606;-29,9128;-51,18569999999;39250,1;32613,45;29998,83;33140,92;29373,29;47592,19;58761,93;55103,53;55594,2
Canudos do Vale;4304614;-29,3187;-52,23449999999;12365,97;14115,66;15753,39;19811,59;22336,76;21949,91;24066;23219,64;25040,62
Capão Bonito do Sul;4304622;-29,76419999999;-50,02819999999;47977,98;45312,32;44170,33;60221,89;62117,29;65848,82;78173,61;81518,2;118271,57
Capão da Canoa;4304630;-29,6397;-49,95989999999;15545,82;17738,91;19806,14;20836,24;22984,94;25441,14;28538,75;29783,96;27586,32
Capão do Cipó;4304655;-28,904;-54,7;41739,74;48226;32343,23;71141,87;71849,36;71704,42;77518,7;70151,94;89491,93
Capão do Leão;4304663;-31,75649999999;-52,4889;11198,47;12195,88;14091,54;14762,49;16388,44;20539,17;19592,88;21267,98;20071,27
Capela de Santana;4304689;-29,6961;-51,328;8860,97;8479,33;9891,25;12370,57;14784,56;15932,23;17345,52;17250,61;17164,57
Capitão;4304697;-29,26739999999;-51,9853;13588,83;13998,66;15519,35;19874,54;21579,06;21828,18;21879,88;24419,89;23671,55
Capivari do Sul;4304671;-30,1382;-50,51509999999;33229,71;28622,75;37510,03;42613,64;43707,31;47110,53;51986,62;50947,66;45334,3
Caraá;4304713;-29,78689999999;-50,4316;6550,23;7096,89;7921,75;10105,38;10908,24;11406,54;12521,74;12823,46;13451,66
Carazinho;4304705;-28,2958;-52,7933;19526,8;23512,09;24721,54;29665,36;34967,91;40213,22;43788,55;41895,88;48591,24
Carlos Barbosa;4304804;-29,2969;-51,50289999999;40118,94;45234,34;51357,58;54226,35;63919,37;66832,12;72880,46;78474,36;85997,12
Carlos Gomes;4304853;-27,71669999999;-51,9121;12092,12;13594,04;13676,14;18410,76;19134,17;19406,34;23498,35;21371,17;27714,78
Casca;4304903;-28,5605;-51,98149999999;24772,79;27808,22;29872,98;34945,73;38186,18;41041,97;45095,47;44938,46;48621,48
Caseiros;4304952;-28,25819999999;-51,6861;17629,36;16773,01;18169,77;27017,4;29130,46;32826,49;36327,67;37685,28;42539,09
Catuípe;4305009;-28,2554;-54,01319999999;16259,36;21007,21;15097,12;28176,42;27481,76;32135,66;37447,26;35430,14;43987,78
Caxias do Sul;4305108;-29,1629;-51,1792;37822,92;42599,15;45088,37;45984,86;47682,48;43452,15;41878,73;44927,71;48959,4
Centenário;4305116;-27,7616;-51,99839999999;10687,21;13172,63;14229,77;16504,26;18181,81;20539,99;24283,07;23015,25;25470,52
Cerrito;4305124;-31,84189999999;-52,8004;8254,44;8718,78;9619,63;11479,17;12115,1;13474,33;13811,48;15361,39;15278,24
Cerro Branco;4305132;-29,657;-52,9406;10016,39;10996,52;11523,61;13449,57;14273,61;14478,9;14169,04;15833,17;15482,58
Cerro Grande;4305157;-27,6106;-53,1672;11584,75;13614,7;10317,9;17441,55;16642,88;19022,73;21104,52;18986,33;24152,21
Cerro Grande do Sul;4305173;-30,59049999999;-51,74179999999;8647,67;9061,11;10273,07;12102,81;12777,18;13469,75;14932,2;14599,54;13284,89
Cerro Largo;4305207;-28,1462;-54,7428;28747,67;31295,69;36053,53;42531,88;41092,52;41750,89;44677,75;45546,26;52173,65
Chapada;4305306;-28,0559;-53,06649999999;23782,93;27502,06;21675,36;36054,17;37362,01;41019,21;45322,16;45523,33;50329,86
Charqueadas;4305355;-29,9625;-51,6289;25046,53;24644,34;27697,92;26920,05;28183,98;28769,22;26824,04;27018,08;42460,28
Charrua;4305371;-27,9493;-52,015;13568,33;15933,8;15662,04;20228,77;19347,89;20235,28;22941,17;20331,28;27751,75
Chiapetta;4305405;-27,92299999999;-53,94189999999;21617,79;28878,32;17945,94;39885,92;39994,65;44408,65;47107,86;49021,88;56408,67
Chuí;4305439;-33,68659999999;-53,4594;13096,31;14044,82;16875,01;21055,68;24194,99;30837,04;33916,57;37264,87;57139,27
Chuvisca;4305447;-30,75039999999;-51,9737;11342,05;11835,84;13322,5;18668,15;19500;18162,77;22194,2;19514,97;18909,13
Cidreira;4305454;-30,16039999999;-50,2338;10652,87;11825;13344,6;14372,16;15591,02;16874,2;18371,56;18943,63;17575,91
Ciríaco;4305504;-28,34189999999;-51,87409999999;15943,89;19711;17607,71;23032,75;22462,6;23057,53;26254,07;24263,9;31167,73
Colinas;4305587;-29,38149999999;-51,8526;14132,77;14775,62;16139,98;23937,44;26005,72;26414,35;26677,92;27240,66;24097,69
Colorado;4305603;-28,5258;-52,9928;24448,47;30795,42;23249,89;42243,16;36985,5;44183,06;52119,09;49547,65;65388,67
Condor;4305702;-28,2075;-53,49049999999;25592,43;31525,71;25240,92;37354,2;38467,4;44752,48;47990,24;45889,39;57445,77
Constantina;4305801;-27,73199999999;-52,9938;13678,17;15632,71;15646,37;22140,6;23310,87;24227,04;26611,77;26665,57;30642,99
Coqueiro Baixo;4305835;-29,1722;-52,0989;14116,2;16026,46;15970,92;18407,65;18152,14;21024,86;21171,85;20988,35;22487,08
Coqueiros do Sul;4305850;-28,11939999999;-52,78419999999;22256,09;24605,64;21301,33;31809,88;34721,12;37267,18;43613,6;42178,47;52168,1
Coronel Barros;4305871;-28,39219999999;-54,0686;18762,81;24297,79;23563,88;33569,7;30403,42;36986,2;42672,52;55365,8;48213,49
Coronel Bicaco;4305900;-27,7197;-53,70219999999;19035,54;20533,24;18264,34;27843,24;29086,34;31496,83;39342,67;33910,1;40506,06
Coronel Pilar;4305934;-29,2684;-51,68789999999;14210,02;15044,83;14810,75;18650,61;19832,46;20355,75;20099,1;22379,89;24110,93
Cotiporã;4305959;-28,9891;-51,69709999999;15137,25;17082,68;17290,88;18562,92;22132,68;32710,78;31226,14;36459,18;40870,16
Coxilha;4305975;-28,128;-52,3023;34026,72;41149;42309,46;56946,07;55280;62938,75;72365,84;69891,17;79144,17
Crissiumal;4306007;-27,4999;-54,0994;13583,8;13864,79;14569,66;17397,13;18741,63;20477,36;22496,16;23268,7;25509,72
Cristal;4306056;-31,0046;-52,04359999999;12581,02;13809,18;15353,06;17963,99;19718,3;21236,18;21374,48;25256,34;22553,79
Cristal do Sul;4306072;-27,452;-53,24219999999;10616,42;11152,51;10278,77;15635,06;16421,71;17750,64;19341,19;17422,81;20636,29
Cruz Alta;4306106;-28,645;-53,60479999999;22705,86;28844,86;29635,88;41523,89;41886,93;47063,92;49684,1;50248,02;65065,59
Cruzaltense;4306130;-27,6644;-52,6492;16368,3;18855,75;18846,89;28138,74;25256,17;29779,82;35707,53;33555,4;45673,33
Cruzeiro do Sul;4306205;-29,5148;-51,9928;12790,15;14700,06;18451,99;20468,71;23348,49;24735,14;26757,02;28450,97;29050,27
David Canabarro;4306304;-28,38489999999;-51,84819999999;15460,17;17289,71;17173,11;22178,14;24615,54;24070,68;26584,08;24847,17;31003,4
Derrubadas;4306320;-27,26419999999;-53,8645;13878,73;16133,54;15305,46;22550,45;22401,18;22491,31;24884,58;24725,76;28789,23
Dezesseis de Novembro;4306353;-28,219;-55,0617;8039,35;8522,94;8312,71;10358,94;11378,71;12276,73;14223,43;13721,7;15928,74
Dilermando de Aguiar;4306379;-29,7054;-54,2122;17356,99;19532,81;19293,97;28620,13;29247,06;33521,33;39435,5;34353,41;47554,4
Dois Irmãos;4306403;-29,5836;-51,08979999999;34348,55;36958,8;42616,63;44834;50093;51028,6;55044,65;54907,61;62157,03
Dois Irmãos das Missões;4306429;-27,66209999999;-53,5304;26236,62;31809,7;19271,02;40986,96;38428,26;43094,92;51527,58;47496,99;56332,81
Dois Lajeados;4306452;-28,983;-51,83959999999;17314,54;18568,63;18088,32;21270,11;22977,93;24839,57;25937,93;27065,82;28422,03
Dom Feliciano;4306502;-30,70039999999;-52,1026;9941,36;9726,03;10864,37;12208,11;13208,01;14813,62;15116,38;16325,01;15501,61
Dom Pedrito;4306601;-30,9756;-54,6694;15994,83;16573,82;20064,25;24607,07;25927,83;29603,75;31004,21;34239,22;34347,33
Dom Pedro de Alcântara;4306551;-29,3639;-49,853;16550,03;12838,76;13071,96;17564,07;17926,24;17864,62;20122,69;21466,88;21488,71
Dona Francisca;4306700;-29,61949999999;-53,36169999999;10842,83;13181,74;15127,86;17789,34;19447,14;19623,15;20058,76;21879,9;24391,42
Doutor Maurício Cardoso;4306734;-27,5103;-54,35779999999;16505,37;20731,28;22232,74;27575,62;34980,33;32193,52;36208,39;34151,55;42284,55
Doutor Ricardo;4306759;-29,084;-51,9971;15175,21;17148,2;18183,59;22328,67;25390,53;27255,01;25323,89;25195,69;26187,1
Eldorado do Sul;4306767;-30,0847;-51,61869999999;19878,6;21415,01;22284,66;26031,2;32041,86;33827,65;38676,97;41214,19;39551,13
Encantado;4306809;-29,23509999999;-51,8703;21362,31;22620,62;25962,51;28285,04;31213,75;33696,95;36142,85;37373,95;39380,74
Encruzilhada do Sul;4306908;-30,54299999999;-52,5204;9161,27;10397,39;10765,14;12850,49;15461,76;17437,38;22208,39;20706,73;20766,94
Engenho Velho;4306924;-27,706;-52,91449999999;18701,43;19095,05;18178,7;27795,82;29179,98;35762,84;38866,32;35584,26;45607,32
Entre Rios do Sul;4306957;-27,5298;-52,73469999999;100050,88;105939,68;90330,24;83020,08;35795,63;50147,03;63990,44;63536,03;68317,58
Entre-ijuís;4306932;-28,3686;-54,26859999999;15714,4;19650,74;13743,73;28882,38;28862,33;31145,3;40038,03;38164,7;47488,62
Erebango;4306973;-27,85439999999;-52,3005;15648,48;21283,79;18733,47;24731,5;26091,44;28176,28;34777,11;33673,7;36857,45
Erechim;4307005;-27,63639999999;-52,2697;24945,79;29335,79;32884,27;40220,38;40260,67;41646,07;42749,91;43354,43;47080,69
Ernestina;4307054;-28,49769999999;-52,58359999999;22279,07;25891,08;24332,18;33580,71;34763,56;42239,18;47869,79;40673,82;45663,19
Erval Grande;4307203;-27,3926;-52,57399999999;10147,2;12798,35;11101,71;12662,91;17220,2;16166,83;17566,79;17705,26;19210,49
Erval Seco;4307302;-27,5443;-53,5005;13154,91;16482,69;16369,2;24561,56;24782,33;27501,48;31932,77;30071,32;32927,94
Esmeralda;4307401;-28,0518;-51,1933;29350,11;30603,31;29780,14;40227,77;46096,89;50131,46;61493,11;54026,83;65767,96
Esperança do Sul;4307450;-27,36029999999;-53,9891;10923,64;13217,05;13567,76;17481,94;17712,08;18585,83;21191,61;21331,51;24151,55
Espumoso;4307500;-28,7286;-52,8461;19188,99;23955,37;25960,78;36137,5;34855,46;38378,95;42116,84;42125,28;49684,93
Estação;4307559;-27,91349999999;-52,2635;17778,63;22237,07;25331,56;30452,2;32967,7;35102,5;41425,25;52314,2;60033,72
Estância Velha;4307609;-29,6535;-51,1843;20901,06;22124,41;22939;25285,31;28254,52;28802,08;28267,61;27707,5;29630,14
Esteio;4307708;-29,852;-51,1841;25988,74;27369,73;30260,59;32440,39;34945,5;37092,96;40106,71;37789,87;38249,4
Estrela;4307807;-29,5016;-51,9605;27888,36;33010,61;37033,03;37229,72;37707,11;35517,46;41256,55;38479,65;43585,52
Estrela Velha;4307815;-29,17129999999;-53,16389999999;17802,32;21355,81;21511,87;31606,04;32894,24;28339,3;31188,99;33653,36;35090,1
Eugênio de Castro;4307831;-28,5315;-54,15059999999;32861;41640,75;37289,07;58367,21;50295,77;54337,98;72057,83;64599;84768,84
Fagundes Varela;4307864;-28,8794;-51,7014;15820,53;17404,95;17512,12;22694,6;25101,64;26520,02;28387,57;28868,59;28469,52
Farroupilha;4307906;-29,2227;-51,3419;29128,49;31446,21;32796,14;36024,26;40178,4;41149,56;44225,09;45466,72;47878,78
Faxinal do Soturno;4308003;-29,5788;-53,44839999999;14708;22124,48;16895,13;21606,74;20636,84;22851,18;25110,39;26977,44;30334,78
Faxinalzinho;4308052;-27,4238;-52,67889999999;11174,38;14306,28;13190,64;19877,38;19543,16;20733,95;25694,36;22295,82;28025,65
Fazenda Vilanova;4308078;-29,5885;-51,8217;31686,24;27155,89;25698,05;25733,98;25654,73;28285,2;28887,32;27434;25799,93
Feliz;4308102;-29,4527;-51,30319999999;18671,1;20983,84;23189,13;24166,03;27017,06;27366,74;29291,06;30352,88;31408,48
Flores da Cunha;4308201;-29,02619999999;-51,1875;27518,71;31870,58;35643,35;38411,1;43250,02;44504,81;44684,69;50038,24;53356,89
Floriano Peixoto;4308250;-27,8614;-52,08379999999;15461,27;18886,67;18565,99;21396,31;25006,57;25606,35;27025,47;25691,08;32812,94
Fontoura Xavier;4308300;-28,9816;-52,34449999999;9341,23;11293,13;10877,61;13134,03;14683,17;14886,97;16666,25;17203,82;19353,31
Formigueiro;4308409;-30,00349999999;-53,49589999999;12082,54;12636,89;14216,53;18640,25;20375,61;24393,19;24047,66;25817,71;28268,41
Forquetinha;4308433;-29,3792;-52,0917;15576,38;12204,79;12847,69;14586,14;15964,22;15911,4;16655,94;16160,46;17422,52
Fortaleza dos Valos;4308458;-28,7986;-53,22489999999;24772,34;32753,38;30969,83;48338,13;52716,26;52662,25;60120,56;53997,7;74415,91
Frederico Westphalen;4308508;-27,35859999999;-53,3958;21509,75;21446,61;22927,06;26217,67;28646,31;30332,26;33246,25;34087,29;36706,92
Garibaldi;4308607;-29,259;-51,5352;33033,96;36513,64;41874,03;44747,62;50125,64;51101,92;52024,83;53912,14;59883,3
Garruchos;4308656;-28,1944;-55,6383;18630,46;20486,7;18612,34;30079,81;28293,44;33052,17;36787,91;32165,06;42267,42
Gaurama;4308706;-27,58559999999;-52,0915;16788,14;19320,16;22179,15;26862,08;27810,57;31580,29;36710,99;39136;42172,48
General Câmara;4308805;-29,90319999999;-51,7612;11354,67;10749,07;10929,24;14633,1;14588,72;15983,79;17051,92;17450,41;18762,91
Gentil;4308854;-28,4316;-52,0337;29357,76;36790,15;43885,86;51689,95;51453,39;55966,73;66882,65;58161,95;67135,65
Getúlio Vargas;4308904;-27,8911;-52,22939999999;18013,12;20468,65;21799,04;24541,62;26744,7;27482,25;29698,31;29949,64;34152,09
Giruá;4309001;-28,02969999999;-54,3517;22085,78;26166,27;22383,93;32046,59;33095,61;35587,34;41185,46;37315,75;48599,82
Glorinha;4309050;-29,87979999999;-50,7734;42371,83;43628,57;50695,03;48563,96;43152,88;47661,1;44279,86;44378,89;41243,59
Gramado;4309100;-29,3733;-50,87619999999;27988,22;31452,84;36837,49;39419,25;43938,77;47711,12;47519,16;49078,69;54901,17
Gramado dos Loureiros;4309126;-27,4429;-52,9149;10462,52;12471,85;9815,71;17646,7;18259,31;19216,09;19831,38;19072,45;25351,87
Gramado Xavier;4309159;-29,2706;-52,5795;10011,56;11889,97;12346,24;14537,92;17208,89;15642,92;17738,41;19383,29;19318,33
Gravataí;4309209;-29,94129999999;-50,98689999999;28525,79;31016,25;32462,43;37887,92;40239,21;35743,26;36975,03;45089,08;42820,82
Guabiju;4309258;-28,5421;-51,6948;19563,42;20514,88;21558,34;28704,37;36149,05;42954,68;45426,75;42198,74;48844,08
Guaíba;4309308;-30,10859999999;-51,3233;30563,48;33005,81;37779,79;42262,85;51629,02;53984,04;59934,73;56669,84;68641,09
Guaporé;4309407;-28,8399;-51,88949999999;18689,81;20350,09;22005,73;24660,54;28452,09;30387,71;31161,96;33362,69;34001,53
Guarani das Missões;4309506;-28,1491;-54,56289999999;19644,01;21480,42;22034,88;29106,4;29589,83;30838,11;37785,4;37151,92;46961,83
Harmonia;4309555;-29,5456;-51,4185;15186,7;17560,22;20775,98;21926,55;25908,66;28640,37;33215,79;34308,46;35168,13
Herval;4307104;-32,024;-53,39439999999;8497,53;8527,01;10153,38;12202,05;14202,85;14516,45;17026,45;20122,72;19618,79
Herveiras;4309571;-29,4552;-52,65529999999;11770,35;13479,67;11506,62;16963,72;16089,25;17376,59;17515,72;20538,29;19922,85
Horizontina;4309605;-27,6282;-54,3053;48657,28;55532,31;55933,32;84747,06;103656,34;62311,87;67674,25;81910,12;84405,81
Hulha Negra;4309654;-31,4067;-53,8667;11996,12;14300,61;16058,76;19318,8;19292,03;22191,8;25909,58;24316,6;30024,62
Humaitá;4309704;-27,56909999999;-53,96949999999;16185,52;17937,78;17537,54;23937,94;25932,19;26206,49;27036,39;27580,56;30293,45
Ibarama;4309753;-29,4203;-53,1295;10444,54;11870,84;11622,89;15320,63;15578;16082,18;17884,36;19480,54;20531,21
Ibiaçá;4309803;-28,0566;-51,8599;21123,4;24827,53;23885,52;36647,99;32858,86;36748,25;41085,74;39763,14;47075,19
Ibiraiaras;4309902;-28,37409999999;-51,6377;18547,94;20546,37;23734,92;27408,54;29302,79;33463,33;35578,57;31990,31;33922,21
Ibirapuitã;4309951;-28,6247;-52,51579999999;12803,84;15468,93;14808,19;22523,65;20433,02;23801,99;26862,35;22915,39;29111,88
Ibirubá;4310009;-28,63019999999;-53,0961;26191,53;30923,21;36660,3;46062,02;48271,72;43302,39;47750,87;44413,47;52551,35
Igrejinha;4310108;-29,56929999999;-50,79189999999;32235,64;35585,39;38292,55;39358,43;42869,8;43866,96;42909,37;45664,66;49798,73
Ijuí;4310207;-28,3881;-53,92;20617,4;26135,23;29736,24;30705,38;31212,89;34167,32;37268,87;38341,14;42446,9
Ilópolis;4310306;-28,9282;-52,12579999999;14894,64;16578,95;16950,22;22401,46;25745,11;25788,67;28076,42;26520,62;25566,37
Imbé;4310330;-29,9753;-50,1281;14211;14124,64;16619,26;17184,24;18928,59;20913,69;22512,15;23398,58;20405,2
Imigrante;4310363;-29,3508;-51,7747;36283,02;40645,27;41888,88;53465,15;69616,55;55009,57;55696,38;57304,65;76801,62
Independência;4310405;-27,8354;-54,1886;15680,57;20986,85;14200,87;25695,16;28158,42;31306,64;37586,71;33073,12;45611,91
Inhacorá;4310413;-27,8752;-54,015;13960,47;17469,22;11337,23;21340,64;20722,83;22088,04;25747,01;25308,63;32435,19
Ipê;4310439;-28,8171;-51,28589999999;18141,28;18634,78;18734,22;25125,7;26089,55;31298,1;33922,6;30261,15;29864,74
Ipiranga do Sul;4310462;-27,9404;-52,4271;26331,15;31105,08;29769,25;39053,01;40235,4;40871,41;46589,5;43163,38;54739,6
Iraí;4310504;-27,1951;-53,2543;9574,76;11043,15;12566,24;15325,05;16811,27;17769,96;19760,84;22082,63;23137,18
Itaara;4310538;-29,60129999999;-53,7725;9988,36;11194,54;11478,58;14335,23;14943,34;15437,89;16103,68;16406,44;22856,48
Itacurubi;4310553;-28,7913;-55,2447;13151,27;13665,18;13651,83;19240,3;17899,06;22724,31;27092,5;24669,41;26512,97
Itapuca;4310579;-28,7768;-52,1693;12522,81;14972,01;13551,71;18267,45;19629,76;19532,19;21702,9;23325,95;27090,56
Itaqui;4310603;-29,131;-56,55149999999;17966,51;19077,94;21653,59;25746,81;27694,56;29698,41;30894,57;34314,16;36770,02
Itati;4310652;-29,48832;-50,11357999999;13363,67;13337,69;14491,71;21674,1;21686,83;25344,45;30955,31;23372,68;26379
Itatiba do Sul;4310702;-27,38459999999;-52,4538;8879,28;9474,57;9651,51;11909,72;14009,17;14061,72;15780,53;16583,61;17120,09
Ivorá;4310751;-29,52319999999;-53,5842;14819;14016,92;13123,04;20063,61;20494,44;22183,52;23575,6;23078,92;27266,57
Ivoti;4310801;-29,59949999999;-51,1533;25557,03;27323,97;31260,21;33347,09;36435,99;39991,57;40868,82;40144,18;42392,5
Jaboticaba;4310850;-27,63469999999;-53,2762;13811,23;14533,69;11921,85;17434,3;18209,87;20680,35;22969,25;21049,72;25581,78
Jacuizinho;4310876;-29,02199999999;-53,05369999999;15515,93;19587,03;16032,43;31340,39;29394,93;32616,21;39213,41;37105,82;43708,96
Jacutinga;4310900;-27,72909999999;-52,53719999999;18891,08;22327,13;21706,76;33386,72;30879,6;33701,41;32112,25;31536,49;37600,75
Jaguarão;4311007;-32,5604;-53,377;11743,2;11942,24;14521,77;18303,84;20620,98;21225;22856,89;25658,02;24959,82
Jaguari;4311106;-29,4936;-54,703;11965,08;12647,26;14136,36;16808,84;16323,68;19178,73;19914,34;20831,62;23282,63
Jaquirana;4311122;-28,8811;-50,3637;9555,86;10257,99;11511,49;13045,19;14327,5;14886,06;16688,28;16726,62;17759,46
Jari;4311130;-29,2922;-54,2237;20907,86;26937,63;19889,87;41952,04;38386,3;45082,5;51664,07;48481,71;62056,45
Jóia;4311155;-28,6435;-54,1141;24631,89;31702,45;19397,6;42092,31;39667,16;42755,43;47921,41;46834,89;61671,49
Júlio de Castilhos;4311205;-29,2298;-53,67719999999;20911,86;26835,09;25503,68;40287,44;42588,24;49228,29;52586,19;52616,78;67506,41
Lagoa Bonita do Sul;4311239;-29,48819999999;-53,0138;11157,3;13715,46;13808,41;17601,19;17865,78;18984,5;18286,59;21032,21;20740,88
Lagoa dos Três Cantos;4311270;-28,56759999999;-52,8618;25361,39;29980,82;27947,12;42684,02;38107,38;44004,46;52519,63;45801,89;58589,01
Lagoa Vermelha;4311304;-28,20929999999;-51,52479999999;19918,31;22601,87;25254,71;28793,67;32364,32;32183,46;33088,21;33907,96;41824,19
Lagoão;4311254;-29,2348;-52,7997;8612,55;9841,13;9848,62;13121,35;12873,92;13769,61;14519,56;16035,29;17328,85
Lajeado;4311403;-29,45909999999;-51,96439999999;29642,12;32733,12;38727,72;37917,7;41678,13;41454,65;43347,89;45888,7;51129,4
Lajeado do Bugre;4311429;-27,69129999999;-53,1818;9514,09;11743,96;9938,31;14991,66;14887,54;15304,75;19410,32;16923;19110,67
Lavras do Sul;4311502;-30,80709999999;-53,89309999999;15655,21;15825,14;17168,09;22638,27;23871,29;28286,36;31896,52;27998,3;33585,41
Liberato Salzano;4311601;-27,60099999999;-53,07529999999;9725,46;12278,02;11312,08;15570,85;17333,76;20309,76;21372,74;21915,15;26530,72
Lindolfo Collor;4311627;-29,58589999999;-51,2141;30351,65;28256,8;34283,75;40243,47;54686,42;53300,57;50696,24;52057,5;49614,84
Linha Nova;4311643;-29,4679;-51,20029999999;15004,92;16000,59;17272,99;23512,91;24707,09;28131,71;33287,6;27143,49;28231,24
Maçambará;4311718;-29,1445;-56,06739999999;26164,05;26880,01;23548,78;38115,24;36924,33;43046,54;50016,38;51218,87;53206,04
Machadinho;4311700;-27,5667;-51,6668;13481,8;14372,83;14882,98;18165,71;21257,09;23935,99;28418,33;27148,36;32759,17
Mampituba;4311734;-29,2136;-49,9311;8181,12;8689,27;9699,75;11397,01;14023,15;15738,04;17434,83;18352,82;17811,58
Manoel Viana;4311759;-29,58589999999;-55,48409999999;14261,85;16875,22;15158,92;23943,58;23420,41;28725,29;30961,72;31793,72;38077,86
Maquiné;4311775;-29,6798;-50,2079;8337,1;9070,83;10230,5;12086,46;14040,91;15366,14;17370,71;15984,38;17974,48
Maratá;4311791;-29,5457;-51,55729999999;21280,08;23496,96;27581,04;32130,78;36623,21;34272,37;33753,53;34476,97;25836,81
Marau;4311809;-28,4498;-52,19859999999;30326,63;37876,97;36300,84;38180,1;41829,37;42109,96;46609,67;46075,14;47227,43
Marcelino Ramos;4311908;-27,4676;-51,9095;11438,46;13221,72;14242,38;16878,29;18537,65;20320,33;21978,09;22750,07;25962,98
Mariana Pimentel;4311981;-30,3531;-51,5803;10634,78;11084,67;11122,1;12114,95;13701,09;14685,96;21422,45;17120,47;17088,47
Mariano Moro;4312005;-27,3568;-52,1467;11613,56;13034,61;13870,26;19084,54;21672,4;21585,87;22181,51;21507,96;24561,27
Marques de Souza;4312054;-29,33109999999;-52,09729999999;11128,11;13614,04;14955,42;15924,06;17610,96;18558,37;20212,02;20065,51;21853,47
Mata;4312104;-29,5649;-54,4641;9910,38;11987,59;12475,47;15996,13;17201,31;18214,25;21347,18;20868,51;23487,15
Mato Castelhano;4312138;-28,28;-52,19319999999;21215,09;27356,36;28154,48;40308,33;38012,66;42987,22;42995,52;31824,39;40974,96
Mato Leitão;4312153;-29,5285;-52,1278;24632,33;30520,35;27311,31;25081,33;32770,53;31561,48;31209,85;30519,42;34596,54
Mato Queimado;4312179;-28,2475;-54,61919999999;15365,85;18046,92;15216,56;26174,27;24649,39;24592,04;30487,08;28089,49;35649,15
Maximiliano de Almeida;4312203;-27,6325;-51,8021;11939,58;13141,62;14346,54;15871,99;17167,36;19049,59;21880,96;20328,51;26275,72
Minas do Leão;4312252;-30,13459999999;-52,04229999999;11298,47;10970,68;11994;15445,26;16446,09;20556,36;21773,01;18860,37;21970,07
Miraguaí;4312302;-27,497;-53,6891;11354,4;17064,21;17602,52;23855,61;25088,96;25296,59;28296,67;23859,58;27569,85
Montauri;4312351;-28,6462;-52,0767;21986,41;23524,74;22971,19;31019,59;30893,19;34555,39;36476,36;34736,2;38938,18
Monte Alegre dos Campos;4312377;-28,68049999999;-50,7834;10065,21;10443,72;13657,25;13340,36;15251,17;17925,19;22311,89;22416,98;20136,01
Monte Belo do Sul;4312385;-29,16069999999;-51,63329999999;27744,01;30825,11;38031,93;36913,43;44032,54;44389,68;42469,14;49024,6;30817,49
Montenegro;4312401;-29,6824;-51,4679;30974,06;33013,2;35121,09;42064,92;44322,37;44796,15;44610,73;51695,39;57568,88
Mormaço;4312427;-28,6968;-52,6999;16951,17;20507,18;19580,3;27583,76;26324,87;28069,27;28982,4;29660,42;35419,1
Morrinhos do Sul;4312443;-29,3578;-49,9328;11224,56;11005,31;12171,5;14552,28;16693,53;16237,59;19055,63;18974,01;18521,64
Morro Redondo;4312450;-31,58869999999;-52,6261;9640,31;10065,47;11254,09;12336,26;13064,56;13582,26;14095,03;13590,8;14014,95
Morro Reuter;4312476;-29,5379;-51,08109999999;16014,44;16629,35;19765,4;21039,89;22488,62;24275,89;27688,06;27942,96;28815,4
Mostardas;4312500;-31,10539999999;-50,91669999999;16501,89;14416,72;18501,98;20594,07;25172,9;22264,59;26416,53;28599,29;28099,77
Muçum;4312609;-29,163;-51,8714;39126,49;40340,82;43603,24;32883,02;43288,15;45712,39;49323,07;56675,81;50658,96
Muitos Capões;4312617;-28,31319999999;-51,18359999999;76556,19;71419,84;72946,85;101947,46;119425,35;138867,52;163093,76;119322,26;136948,23
Muliterno;4312625;-28,32529999999;-51,7697;15046,7;17534,87;16961,39;22080,4;21152,14;23390,8;26331,68;23217,81;27746,19
Não-Me-Toque;4312658;-28,45479999999;-52,81819999999;38806,52;47070,72;49525,3;66787,19;64006,56;57866,11;58889,12;66717,81;72952,08
Nicolau Vergueiro;4312674;-28,5298;-52,46759999999;25432,56;32406,46;29906,93;43529,25;36465,23;45666,7;46717,6;46644,31;54560,41
Nonoai;4312708;-27,3689;-52,77559999999;15329,65;18980,03;18406,76;23083,65;22629,45;26889,7;30127,44;29964,75;36362,42
Nova Alvorada;4312757;-28,6822;-52,1631;22078,99;25971,12;25426,22;34368,79;38135,44;39723;44466,67;46112,05;47136,72
Nova Araçá;4312807;-28,6537;-51,7458;34763,08;38365,46;41753,82;33959,04;50532,95;66770,51;60459,12;41940,14;44993,4
Nova Bassano;4312906;-28,72909999999;-51,7072;48553,13;60457,5;75615,68;74520,5;91792,4;70397,59;56688;51101,73;52022,36
Nova Boa Vista;4312955;-27,99259999999;-52,9784;17235,44;20245,74;19188,45;29879,26;35566,67;38268,82;41861,11;41381,97;50995,29
Nova Bréscia;4313003;-29,2182;-52,0319;17977,76;18441,38;19276,34;21892,85;24165,58;26831,14;28868,96;29733,36;31382,48
Nova Candelária;4313011;-27,6137;-54,10739999999;23120,2;29429,5;30023,63;36050,13;40344,93;41267,57;46661,27;48257,38;54286,94
Nova Esperança do Sul;4313037;-29,4066;-54,8293;18821,8;21184,59;23397,87;24818,13;23643,11;24287,9;24744,63;25212,75;24296,89
Nova Hartz;4313060;-29,5807;-50,90509999999;31642,2;38470,58;38562,74;32978,93;36603,29;32558,44;29735,16;30070,72;29692,26
Nova Pádua;4313086;-29,0275;-51,3098;16017,64;16765,83;18079,73;19407,91;22308,95;24745,18;26688,29;25964,88;27898,35
Nova Palma;4313102;-29,471;-53,46889999999;17680,23;20053,59;19669,4;25960,48;29430,15;31743,11;42364,51;42159,91;47644,91
Nova Petrópolis;4313201;-29,37409999999;-51,1135;21092,7;23796,62;26982;28003,49;30173,54;32787,72;34015,95;36889,75;37459,32
Nova Prata;4313300;-28,7799;-51,6113;30309,64;32009,52;33034,26;35125,52;34097,8;39760,46;43317,47;46946,58;59362,18
Nova Ramada;4313334;-28,0667;-53,69919999999;19910,66;25886,45;18728,58;35911,8;34375,14;41274,92;50776,97;46010,96;66824,76
Nova Roma do Sul;4313359;-28,98819999999;-51,4095;19517,32;21132,33;23229,43;26606,99;29456,3;43968,56;40136,55;46224,05;49916,71
Nova Santa Rita;4313375;-29,85249999999;-51,2837;23093,49;27975,3;32838,21;36863,26;42775,35;42352,38;43869,97;42749,68;58018,11
Novo Barreiro;4313490;-27,90769999999;-53,1103;10664,52;11972,41;11455,77;16856,29;17226,63;18139;19841,88;19435,59;21293,6
Novo Cabrais;4313391;-29,73379999999;-52,9489;11604,75;12437,34;13045,93;16877,11;19069,6;20268,5;19090,69;22263,8;21226,57
Novo Hamburgo;4313409;-29,6876;-51,1328;23161,92;25942,29;27246,74;28468,07;31444,06;32660,48;33146,73;35013,51;38159,33
Novo Machado;4313425;-27,57649999999;-54,50359999999;14289,93;17829,9;16678,63;22609,46;24730,04;28112,31;30675,94;30897,06;35530,59
Novo Tiradentes;4313441;-27,5649;-53,1837;10993,7;14792,86;12457,96;18571,31;18237,87;19037,12;23493,33;20425,06;22159,08
Novo Xingu;4313466;-27,74309999999;-53,06159999999;14776,13;16102,81;13507,7;22910,26;23637,34;25954,04;29048,1;27459,18;33153,97
Osório;4313508;-29,8881;-50,2667;30263,66;31883,88;40369,92;23974,37;26639,98;28552,08;30017,17;45569,04;34323,48
Paim Filho;4313607;-27,7075;-51,76299999999;15427,14;15468,82;17096,09;17939,24;21286,06;22431,98;25200,26;24313,88;28327,75
Palmares do Sul;4313656;-30,25349999999;-50,5103;16242,18;16213,26;19520,81;23403,55;26503,59;35681,73;36662,09;43127,14;41484,76
Palmeira das Missões;4313706;-27,9006;-53,3134;18716,4;23700,26;20826,6;29493,42;30543,91;32544,89;37190,27;38863,08;43616,98
Palmitinho;4313805;-27,3596;-53,558;11443,88;13608,46;15004,16;18317,85;22143,3;21789,06;25293,57;24962,63;25956,58
Panambi;4313904;-28,2833;-53,50229999999;28899,89;31948,69;30375,43;39713,95;46096,23;40905,15;40626,24;47201,27;49260,55
Pantano Grande;4313953;-30,1901;-52,3729;15991,38;18155,45;20886,56;23782,9;25857,18;27375,56;32014,9;33710,99;37352,14
Paraí;4314001;-28,59639999999;-51,7896;21069,78;24264,57;25723,43;29451,78;33365,4;34134;35940,44;34692,41;38249,25
Paraíso do Sul;4314027;-29,6717;-53,14399999999;10956,54;12170,95;12207,45;15809;16779,59;18610,11;18749,12;21002,33;20382,24
Pareci Novo;4314035;-29,6365;-51,39739999999;14196,03;14664,6;16519,73;18271,33;19947,22;21098,2;22440,16;23436,26;25141,19
Parobé;4314050;-29,6243;-50,8312;14172,35;15695,09;16842,01;17565,52;20004,62;19627,05;18956,02;20340,79;21283,76
Passa Sete;4314068;-29,45769999999;-52,95989999999;9771,23;12074,9;11981,38;15537,09;15461,15;16336,12;15179,87;19305,19;18428,98
Passo do Sobrado;4314076;-29,748;-52,27479999999;15285,89;18595,29;17556,4;22505,22;22080,16;23041,15;25823,69;26800,57;26492,16
Passo Fundo;4314100;-28,2576;-52,4091;21116,15;24990,02;31771,37;37199,2;37753,41;39733,81;42177,06;43183,62;45327,11
Paulo Bento;4314134;-27,6978;-52,42609999999;21229,79;24475,51;24511,96;31979,2;29366,43;33033,5;40043,11;40709,88;41540,84
Paverama;4314159;-29,5485;-51,73389999999;10857,84;13004,93;14536,43;15026,84;17947,03;17879,48;19866,69;19581,8;20008,85
Pedras Altas;4314175;-31,72169999999;-53,58379999999;17725,13;18761,78;19269,15;27629,23;29438,87;46355,14;44212,18;49669,96;54878,22
Pedro Osório;4314209;-31,8642;-52,81839999999;13508,18;10159,86;11219,03;12424,05;14786,63;15457,57;16219,19;18955,62;19281,18
Pejuçara;4314308;-28,4283;-53,65789999999;29880,98;36068,98;25294,73;49265,17;45813,46;48895,77;60950,69;54286,19;68905,46
Pelotas;4314407;-31,7649;-52,3371;12898,79;16014,25;17412,93;17489,33;19465,28;21557,99;23579,82;24894,68;25884,35
Picada Café;4314423;-29,4464;-51,13669999999;46113,72;49603,92;54927,44;54857,56;63493,19;55383,97;58083,56;52383,43;60482,63
Pinhal;4314456;-27,50799999999;-53,20819999999;14218,32;15908,46;16578,68;22088,7;23211,81;24717,27;27498,63;28127,54;28699,25
Pinhal da Serra;4314464;-27,86339999999;-51,1702;150002,08;162677,74;173631,67;116257,01;104978,7;180703,16;182543,84;157209,06;130250,55
Pinhal Grande;4314472;-29,34499999999;-53,3207;75738,53;68689,02;44924,89;28265,76;31349,25;86892,34;90431,49;108054,1;157011,32
Pinheirinho do Vale;4314498;-27,21089999999;-53,60799999999;9976,23;10929,7;11186,45;13882,27;15659,79;15521,63;15379,75;17984,27;17490,5
Pinheiro Machado;4314506;-31,5794;-53,3798;12566,8;13902,46;14474,25;16078,43;19078,67;19372;23142,18;22623,23;23263,4
Pinto Bandeira;4314548;-29;-54;-;-;-;12250,83;12918,56;16675,67;18387,77;16939,1;17997,61
Pirapó;4314555;-28,0439;-55,20009999999;10288,06;11703,94;11924,62;15205,33;16397,88;18647,28;22078,28;21585,41;28699,24
Piratini;4314605;-31,44729999999;-53,09729999999;9185,51;10214;11378,64;13625,24;15062,06;15421,19;16965,91;19056,39;20169,21
Planalto;4314704;-27,32969999999;-53,0575;9328,37;10102,06;10897,43;12800,97;14307,36;15681,93;17526,53;18019,9;19210,19
Poço das Antas;4314753;-29,4481;-51,6719;13284,07;13515,15;17312,56;27890,76;28124,72;29855,91;32902,52;33742,77;42139,95
Pontão;4314779;-28,05849999999;-52,67909999999;28721,34;34585,33;33115,61;47578,66;36349,09;51768,31;60457,31;53597,18;57698,04
Ponte Preta;4314787;-27,6587;-52,4848;14893,8;17184,73;16681,25;25550;25306,36;25278,78;30996,21;29046,22;39438,58
Portão;4314803;-29,70149999999;-51,24289999999;24664,26;26851,95;26345,88;29247,77;34056,07;33570,01;32416,8;31050,8;33064,14
Porto Alegre;4314902;-30,032778;-51,23;30302,72;34171,95;38260,96;39460,23;43456,95;46133,13;49111,38;49740,9;52149,66
Porto Lucena;4315008;-27,8569;-55,00999999999;9952,06;11668,81;11291,03;14593,43;14763,98;16666,07;19162,54;19228,58;21969,76
Porto Mauá;4315057;-27,57959999999;-54,6657;10946,54;12938,43;14516,62;15947,82;17480,24;19853,82;22966,32;21434,67;25576,93
Porto Vera Cruz;4315073;-27,7405;-54,8994;9918,21;11701,29;12286,36;16418,08;17214,91;17061,39;18506,43;19177,75;22295,78
Porto Xavier;4315107;-27,9082;-55,1379;8878,79;8946,66;9366,02;11955,12;11728,02;13303,68;14830,41;14556,1;17084,16
Pouso Novo;4315131;-29,1738;-52,2136;15356,72;16855,35;18271,61;21117,63;21391,26;20496,74;23571,56;24182,71;25068,23
Presidente Lucena;4315149;-29,5176;-51,1798;14167,1;17191,63;21145,51;26384,69;33161,3;37453,54;37717,98;38016,98;48987,29
Progresso;4315156;-29,24419999999;-52,31969999999;11147,87;13376,3;13037,31;15784,04;17556;16938,1;18264,82;19615,98;19875,75
Protásio Alves;4315172;-28,7572;-51,4757;13595,67;15938,9;14977,56;22122,46;23336,84;24757,8;25622,88;25755,31;26527,18
Putinga;4315206;-29,0045;-52,1569;12899,74;15657,18;14599,69;17808,8;19987,29;21057,33;21776,62;22441,76;23834,38
Quaraí;4315305;-30,384;-56,4483;10499,74;10707,11;11729,15;13435,64;15385,95;17228,14;17991,14;18919,34;19655,67
Quatro Irmãos;4315313;-27,81629999999;-52,44189999999;26985,49;33374,63;27173,88;44121,55;47380,57;54379,59;62393,56;57362,15;71454,35
Quevedos;4315321;-29,3504;-54,07889999999;21588,5;28754,57;24999,33;45361,18;44091,97;46833,74;54034,87;49113,64;64739,81
Quinze de Novembro;4315354;-28,7465;-53,1011;20015,84;24690,11;23999,19;35702,71;33797,26;33730,98;35413,67;35969,09;39063,17
Redentora;4315404;-27,664;-53,6407;6698,09;7887,15;7079,22;12054,52;12340,98;12976,99;14664,57;14010,19;15104,23
Relvado;4315453;-29,11639999999;-52,0778;14331,52;15150,54;14799,61;19360,86;20828,42;21456,56;22194,12;20958,97;22419,38
Restinga Sêca;4315503;-29,8188;-53,38069999999;12570,94;14772,58;16176,18;19777,31;21527,83;23362,75;24855,35;26114,63;29261,26
Rio dos Índios;4315552;-27,2973;-52,8417;10998,46;13114,61;12455,88;20254,85;18324,88;21726,98;23699,57;23805,04;30590,88
Rio Grande;4315602;-32,0349;-52,1071;26073,73;27353,95;32491,92;39522,19;35525,44;34986,57;46305,85;44014,66;51681,23
Rio Pardo;4315701;-29,988;-52,37109999999;11678,78;13276,18;13281,78;18031,18;19140,04;21258,35;23107,34;22366,51;24379,36
Riozinho;4315750;-29,63899999999;-50,44879999999;16719,17;17729,95;20415,01;22971,02;25118,48;24340,18;23734,6;24458,75;26746,67
Roca Sales;4315800;-29,28839999999;-51,8658;19800,69;20217,3;19715,41;29935,51;36117,97;38371,44;39622,43;39352,32;40933,3
Rodeio Bonito;4315909;-27,4742;-53,1706;12768,23;15454,84;15831,18;19507,14;22580,53;24023,62;26832,98;31121,85;29815,99
Rolador;4315958;-28,25767;-54,81864;17472,49;21665,73;15683,85;29914,91;29155,12;29522,94;38721,47;32920,76;42416,84
Rolante;4316006;-29,6462;-50,58189999999;15255,5;17703,7;18469,86;20591,98;23003,03;24830,57;25127,67;27098,22;29148,17
Ronda Alta;4316105;-27,7758;-52,80559999999;15251,35;17165,21;16312,54;21585,21;23528,52;24582,08;29067,8;28060,27;33171,06
Rondinha;4316204;-27,83149999999;-52,90809999999;15565,71;17604,47;15895,41;23685,17;24127,9;29535,97;33597,52;32028,33;36694,9
Roque Gonzales;4316303;-28,1297;-55,0266;11057,07;12638,78;11750,42;15006,37;15899,21;78574,27;84282,51;106579,64;116928,24
Rosário do Sul;4316402;-30,2515;-54,9221;13109,73;15417,28;14559,37;17321,49;18668,57;20445,09;21021,82;22633,94;22909,03
Sagrada Família;4316428;-27,7085;-53,1351;9775,44;11652,99;9652,32;17634,46;19557,52;20347,95;22399,76;19599,08;22059,43
Saldanha Marinho;4316436;-28,3941;-53,097;22555,2;28050,93;21335,08;41136,91;36411,81;41467,03;51028,81;48479,25;61415,45
Salto do Jacuí;4316451;-29,09509999999;-53,21329999999;36906,2;34509,7;25844,89;19261,21;19094,25;37903,24;45928,59;49242,29;64808
Salvador das Missões;4316477;-28,1233;-54,83729999999;22322,59;25280,97;26410,67;30677,03;31498,97;35713,46;40245,06;41340,62;45272,54
Salvador do Sul;4316501;-29,4386;-51,5077;25151,22;29298,42;29559,24;35658,36;36985,72;36927,98;37024,77;38066,63;36513,05
Sananduva;4316600;-27,94699999999;-51,80789999999;18117,58;21060,27;22934,18;26839,48;27680,62;28577,88;31625,35;31778,76;36886,58
Santa Bárbara do Sul;4316709;-28,3653;-53,25099999999;29814,65;38942,67;39627,16;59415,85;55452,73;61961,78;76637,08;66972,79;97177,43
Santa Cecília do Sul;4316733;-28,1537;-51,9296;21231,17;26863,92;23340,49;34804,22;37942,39;38089,61;43568,58;41062,74;45803,27
Santa Clara do Sul;4316758;-29,47469999999;-52,08429999999;15894,23;20466,74;21564,04;26597,26;35674,28;35310,33;35515,16;36749,18;40944,1
Santa Cruz do Sul;4316808;-29,722;-52,4343;35309,28;40648,97;45384,21;53832,35;63692,22;61578,03;64528,1;64653,78;73286,09
Santa Margarida do Sul;4316972;-30,32959999999;-54,08229999999;38767,43;33279,49;29592,37;52065,97;52641,34;72782,38;73422,31;63950,59;89179,78
Santa Maria;4316907;-29,6868;-53,81499999999;15348,54;17430,03;19119,25;21043,4;23562,6;23026,71;24173,98;25686,04;27785,51
Santa Maria do Herval;4316956;-29,4902;-50,9919;20476,37;20774,37;22341,92;27116,62;28137,07;33044,96;32658,26;42174,81;30458,86
Santa Rosa;4317202;-27,8702;-54,47959999999;21670,12;25056,54;30149,54;31327,51;32399,65;33328,54;35819,2;38626,76;41100,58
Santa Tereza;4317251;-29,1655;-51,7351;13681,52;14870,55;15489;17572,92;20023,08;20578,87;20568,7;23889,41;21624,84
Santa Vitória do Palmar;4317301;-33,52499999999;-53,37169999999;14543,23;14534,03;16512,98;20235,4;24973,87;26548,37;28693,08;30713,95;44990,62
Santana da Boa Vista;4317004;-30,8697;-53,10999999999;8962,82;10261,14;11147,87;13625,67;15495,97;19698,56;22744,32;20850,51;23216,69
Santana do Livramento;4317103;-30,88769999999;-55,5315;10590,67;12010,81;13737,94;15767,88;17510,32;22919,32;27987,47;31288,14;33840,09
Santiago;4317400;-29,18969999999;-54,86659999999;11157,03;12946,62;13939,23;16851,35;18955,3;21476,37;23681,12;25091,89;29150,81
Santo Ângelo;4317509;-28,3001;-54,2668;15778,93;17892,37;18665,19;22310,61;23735,84;25751,24;27996,94;29315,5;34128,89
Santo Antônio da Patrulha;4317608;-29,82679999999;-50,51749999999;14443,56;15499,85;18024,28;23214,32;25388,54;25330,27;26809,38;29928,66;29889,94
Santo Antônio das Missões;4317707;-28,51399999999;-55,22509999999;13346,92;14858,61;11992,12;20091,16;20337,1;24951,81;27677,05;28746,13;36914,92
Santo Antônio do Palma;4317558;-28,4956;-52,02669999999;16817,61;20365,57;22092,61;28698,67;32365,97;32132,79;31016,51;34952,55;41726,95
Santo Antônio do Planalto;4317756;-28,40309999999;-52,69919999999;26704,22;30441,16;25871,26;42708,78;37058,11;44270,78;50040,84;45240,25;55201,52
Santo Augusto;4317806;-27,85259999999;-53,7776;17511,7;21954,99;19689,7;28547,62;28357,78;32515,07;35840,17;39951,17;39859,94
Santo Cristo;4317905;-27,8263;-54,66199999999;19091,7;20260,62;21909,82;26430,09;27588,57;29104,79;33008,93;34034,19;39854,23
Santo Expedito do Sul;4317954;-27,90739999999;-51,6433;14220,66;15667,26;15515,2;21350,26;23595,08;24980;28675,25;25700,85;31755,81
São Borja;4318002;-28,6578;-56,00359999999;15929,82;17235,69;19530,28;23435,84;23859,94;25608,56;26758,06;28405,45;31467,27
São Domingos do Sul;4318051;-28,53119999999;-51,886;11479,33;13146,98;13094,38;15764,06;18141,04;19396,49;20174,55;21011,68;21209,98
São Francisco de Assis;4318101;-29,5547;-55,1253;9804,83;11237,01;11869,86;16385,7;17310,06;19069,42;22491,18;22974,69;26750,31
São Francisco de Paula;4318200;-29,4404;-50,58279999999;15875,41;16495,27;17381,39;19304,54;21185,3;24438,47;30290,79;27788,7;28411,7
São Gabriel;4318309;-30,3337;-54,3217;16476,83;14468,36;15636,3;18879,58;20337,21;23961,58;25569,2;27137,17;29673,16
São Jerônimo;4318408;-29,97159999999;-51,72509999999;15663,51;16180,99;17738,39;17981,76;20810,74;22742,5;24175,68;24849,02;24175,77
São João da Urtiga;4318424;-27,8195;-51,82569999999;12984,84;15124,51;16427,09;20801,76;24023,59;23542,32;25061,7;24890,99;28405,38
São João do Polêsine;4318432;-29,61939999999;-53,44389999999;11363,18;14092,27;15094,25;19746,14;24249,19;26116,17;26869,52;28039,6;29436,62
São Jorge;4318440;-28,4984;-51,7064;15762,72;17919,23;18444,18;22279,56;24181,56;25879,61;29267,99;28687,43;30950,1
São José das Missões;4318457;-27,7789;-53,12259999999;11350,49;12512,54;11811,16;16531,92;17394,16;18608,9;21311,61;19082,78;23328,64
São José do Herval;4318465;-29,052;-52,295;11990,34;14740,12;15468,61;18725,76;19994,8;19609,14;22468,96;21898,85;22473,78
São José do Hortêncio;4318481;-29,52799999999;-51,245;18865,22;20572,88;22141,26;22548,8;26940,46;27373,17;26865,19;27050,92;25747,38
São José do Inhacorá;4318499;-27,7251;-54,12749999999;17175,5;20000,85;21058,95;28756,82;32766,69;32698,52;36514,54;37235,83;45716,07
São José do Norte;4318507;-32,01509999999;-52,03309999999;8049,29;8098,38;9220,73;10039,94;11874,34;13033,93;12663,53;12416,92;29672,28
São José do Ouro;4318606;-27,7707;-51,5966;22928,34;25703,53;26180,13;31524,39;36221,87;34009,26;46628,76;41978,25;41988,99
São José do Sul;4318614;-29,529;-51,48709999999;14633,55;16562,9;18761,45;20496,92;23596,87;24363,54;30958,26;35155,51;25294,4
São José dos Ausentes;4318622;-28,74759999999;-50,0677;18386,26;14481,36;17029,9;22196,1;22037,99;27027,54;30336,84;23512,21;25747,6
São Leopoldo;4318705;-29,7545;-51,14979999999;20798,92;22038,68;24511,07;25997,56;29717,58;30351,56;31340,58;33905,58;38317,82
São Lourenço do Sul;4318804;-31,3564;-51,97149999999;11254,69;12970,05;15277,81;17570,1;20064,17;21183,51;24070,21;24869,92;24393,81
São Luiz Gonzaga;4318903;-28,41199999999;-54,9559;15133,33;18046,77;16953,91;25181,06;24584,68;27131,74;32428,98;32372,08;39604,23
São Marcos;4319000;-28,9677;-51,0696;20309,84;21860,04;24070,96;26062,95;28053,93;29468,09;29543,52;33071,06;39582,39
São Martinho;4319109;-27,7112;-53,9699;16448,31;19676,19;19738,63;30013,84;28748,95;30572,12;34613,71;42530,33;40661,63
São Martinho da Serra;4319125;-29,5397;-53,859;22595,39;26624,08;29276,85;45843,88;45412,35;47756,4;55790,19;50766,13;63596,46
São Miguel das Missões;4319158;-28,556;-54,5559;25564,8;30313,1;18009,52;46822,11;43248,76;49150,28;62023,35;55108,54;67646,01
São Nicolau;4319208;-28,18339999999;-55,2654;10503,6;11625,2;11783,92;16123,06;15897,14;20302,45;23758,41;22982,18;29221,11
São Paulo das Missões;4319307;-28,0195;-54,94039999999;11833,38;12943,02;13190,05;17410,28;17897,54;19333,09;23191,21;23098,97;27672,47
São Pedro da Serra;4319356;-29,4193;-51,51339999999;9964,73;10992,39;13788,47;16262,62;16857,84;17637,31;18297,19;19745,7;21246,01
São Pedro das Missões;4319364;-27,77321999999;-53,25047;12788,91;14667,73;13709,99;20562,47;26269,29;28855,73;33938,57;25770,55;35682,98
São Pedro do Butiá;4319372;-28,1243;-54,8926;17337,22;18895,01;17624,25;22442,53;23613,93;25800,46;31163,57;30294,29;34668,76
São Pedro do Sul;4319406;-29,6202;-54,18549999999;11170,14;12535,62;12788,57;16002,07;18080,2;18948,62;20685,53;21829,56;24488,08
São Sebastião do Caí;4319505;-29,5885;-51,37489999999;17761,59;19579,31;21193,26;22874,75;23364,57;24221,84;23268,14;25305,84;27553,28
São Sepé;4319604;-30,1643;-53,56029999999;13819,94;15470,86;17202,06;22571,72;26578,9;28435,16;31465,99;33726,54;33987,83
São Valentim;4319703;-27,55829999999;-52,52369999999;15618,34;17347,61;16562,98;19856,34;22738,14;23272,74;25691,24;24500,15;27291,96
São Valentim do Sul;4319711;-29,0451;-51,7684;17772,37;17502,94;17042,51;18967,46;20475,29;21654,97;22593,23;24160,61;30591,01
São Valério do Sul;4319737;-27,7906;-53,93679999999;10308,38;12251,9;9709,6;17271,97;16143,26;17604,65;21769,34;19649,43;20339,58
São Vendelino;4319752;-29,3729;-51,3675;16531,63;23188,24;31632,87;34423,08;25248,01;27999,68;29419,29;29724,95;34171,74
São Vicente do Sul;4319802;-29,68819999999;-54,6826;12062,46;13307,27;14388,35;19713,07;24323,02;26182,88;25254,93;25702,25;31529,04
Sapiranga;4319901;-29,63489999999;-51,0065;20951,41;22307,78;25791,01;26938,87;31533,57;35751,93;36015,58;40917,42;40789,31
Sapucaia do Sul;4320008;-29,8276;-51,145;17122,24;17461,64;19733,67;19146,2;21133,8;21812,45;20102,82;22477,13;24171,89
Sarandi;4320107;-27,942;-52,92309999999;21100,02;23604,46;24930,09;27028,2;31187,06;32768,41;33759,92;36020,55;37996,58
Seberi;4320206;-27,4829;-53,4026;13956,29;16851,41;16831,05;23197;24030,17;26838,3;29035,79;28363,28;33163,84
Sede Nova;4320230;-27,6367;-53,9493;16559,72;18848,79;18525,86;26687,07;26300,49;27197,01;29569,14;28832,46;34369,5
Segredo;4320263;-29,3523;-52,9767;10294,09;11265,87;11795,8;14628,44;14996,19;16280,98;15904,61;17689,52;17702,17
Selbach;4320305;-28,6294;-52,9498;24026,07;24169,86;25876,3;33390;35456,77;36695,46;41837,76;40968,47;47164,56
Senador Salgado Filho;4320321;-28,025;-54,55069999999;15328,22;19057,53;15550,83;24524;25152,26;27842,37;32371,61;28028,09;32865,05
Sentinela do Sul;4320354;-30,6107;-51,58619999999;9048,69;9792,83;11532,43;13385,05;14886,29;14247,53;16671,45;15301,91;14667,21
Serafina Corrêa;4320404;-28,71259999999;-51,93529999999;25565,06;26480,37;29306,93;31149,2;36690,35;36491,56;38046,28;38216,4;38580,62
Sério;4320453;-29,3904;-52,2685;11073,19;12226,39;13931,63;15552,73;16867,28;16483,07;17660,49;19069,53;21111,62
Sertão;4320503;-27,9798;-52,2588;20626,72;23975,3;25518,08;34064,09;35936,45;37827,28;42777,68;45611,61;55662,39
Sertão Santana;4320552;-30,45619999999;-51,6017;13899,33;15815,19;18119,47;19144,84;21312,46;23959,46;28311,91;26945,68;36759,96
Sete de Setembro;4320578;-28,13619999999;-54,4637;16194,11;17933,07;12552,16;23564,71;23580,59;25082,07;32815,18;29763,88;31626,87
Severiano de Almeida;4320602;-27,43619999999;-52,12169999999;13298,51;14841,95;15587,31;19328,53;22132,64;23485,08;25401,49;25246,02;27331,21
Silveira Martins;4320651;-29,64669999999;-53,591;10229,64;11267,07;11679,49;16074,37;16647,14;18510,59;20532,18;19609,85;22214,65
Sinimbu;4320677;-29,53569999999;-52,5305;10998,23;12441,7;12780,98;15642,28;17153,36;17586,81;18839,11;19326,61;19081,78
Sobradinho;4320701;-29,4194;-53,0326;15313,68;15079,28;16526,59;20470,18;20968,88;21619,33;23655,02;24670,03;24319,95
Soledade;4320800;-28,8306;-52,5131;12082,31;15166,73;15672,8;18524,07;20055,97;22208,83;24270,97;27707,81;31513,04
Tabaí;4320859;-29,643;-51,68229999999;11184,83;11530,06;16225,83;15326,49;16931,04;17978,11;16981,71;15158,63;17437,52
Tapejara;4320909;-28,0652;-52,0097;22313,95;24893,09;27783,14;30342,91;32217,48;34949,8;39298,9;39664,98;47621,01
Tapera;4321006;-28,6277;-52,86119999999;24621,14;27346,01;26691,25;28040,52;30235,27;32972,06;38696,76;37583,75;42813,31
Tapes;4321105;-30,66829999999;-51,39909999999;12409,4;12876,81;13894,5;15768,07;16967,25;18715,08;20166,48;21241,4;20628,25
Taquara;4321204;-29,6505;-50,7753;14165,17;15180,47;16833,8;17629,38;19961,92;21058,53;20191,18;21839,1;22810,98
Taquari;4321303;-29,7943;-51,86529999999;16258,1;16960,04;19128,27;20645,8;23892,78;24919,36;24941,94;24985,72;27940,73
Taquaruçu do Sul;4321329;-27,4004;-53,4703;13122,73;13635,27;14769,98;25821,75;26860,51;27767,44;32090,49;31853,85;38042,53
Tavares;4321352;-31,2843;-51,088;10232,18;9749,47;10915,78;12489,45;13154,95;13498,51;15337,95;15184,91;15105,24
Tenente Portela;4321402;-27,37109999999;-53,75849999999;11904,99;13552,18;14135,96;18773,84;20624,64;23817,96;25895,8;28174,67;31143,69
Terra de Areia;4321436;-29,57819999999;-50,06439999999;8987,05;9481,94;11738,43;13048,79;14813,13;17457,18;18916,74;20261,59;20216,48
Teutônia;4321451;-29,4482;-51,8044;25578,89;29217,65;30983,55;32580,51;34561,36;34577,97;38734,95;41808,24;43670,5
Tio Hugo;4321469;-28,57404;-52,5949;19862,23;22874,11;23799,73;31835,38;29841,06;38362,77;38687,02;37110,65;40982,73
Tiradentes do Sul;4321477;-27,4022;-54,0814;9227;11277,73;12016,93;15084,83;15659,2;17350,38;19671,9;19616,06;21643,52
Toropi;4321493;-29,4782;-54,2244;11007,95;12098,8;12083,65;17957,57;19357,27;20657,44;22116,13;21635,68;25393,82
Torres;4321501;-29,3334;-49,7333;14582,99;15933,85;18709,04;20166,57;23282,32;26359,11;29134,3;30954,27;29651,15
Tramandaí;4321600;-29,9841;-50,13219999999;11653,52;12764,75;14430,2;16018,37;18059,92;18897,61;20117,55;21284,37;20251,61
Travesseiro;4321626;-29,29769999999;-52,05319999999;19201;18243,77;20951,7;23086,39;26138,36;24581,45;25017,83;25779,53;25835,77
Três Arroios;4321634;-27,50029999999;-52,14479999999;13492,97;15070,82;15346,93;36351,53;45281,6;23609,76;26499,36;26024,94;28953,81
Três Cachoeiras;4321667;-29,44869999999;-49,9275;11326,46;12019,07;13369,1;15541,34;18152,91;18946,25;21548,66;22149,67;23133,56
Três Coroas;4321709;-29,5137;-50,77389999999;30184,89;30074,44;31041,03;30366,35;34961,04;35158,27;32797,13;34279,43;33865,84
Três de Maio;4321808;-27,78;-54,2357;17209,97;19484,84;21831,59;27025,55;30984,13;34695,36;38327,77;38626,61;45387,3
Três Forquilhas;4321832;-29,53839999999;-50,07079999999;9425,06;10110,7;11070,91;14275,13;15670,26;17423,56;19999,06;17850,03;18680,71
Três Palmeiras;4321857;-27,6139;-52,84369999999;14799,3;15760,64;13226,03;21428,18;22260,21;24242;29926,43;25669,04;32041,51
Três Passos;4321907;-27,4555;-53,9296;15877,75;17255,07;20382,09;22134,88;23983,4;26995,82;29271,27;31662,32;34502,66
Trindade do Sul;4321956;-27,5239;-52,8956;13081,02;14656,14;13197,48;21673,78;22244,42;25357,01;26907,06;27026,25;31011,96
Triunfo;4322004;-29,92909999999;-51,7075;219694,74;200704,81;212345,37;214552,77;184678,75;268404,72;272517,2;311211,93;304208,49
Tucunduva;4322103;-27,65729999999;-54,44389999999;18436,29;21503,65;19760,92;25613,83;28868,13;29326,96;33892,24;32979,14;37999,36
Tunas;4322152;-29,10389999999;-52,9538;9427,38;11077,28;8930,7;13941,41;14136,4;15553,84;15151,71;17664,61;17590,48
Tupanci do Sul;4322186;-27,92409999999;-51,5383;16229,73;17145,33;18290,27;24304,84;26826,32;24524,28;29509,05;27285,04;35215,93
Tupanciretã;4322202;-29,08579999999;-53,84449999999;24013,94;30844,3;25597,71;42823;39907,95;43268,11;49333,98;45282,28;53810,85
Tupandi;4322251;-29,4772;-51,4174;46860,87;50832,38;65840,42;74117,43;85405,62;96152,63;89895,87;92994,66;105038,43
Tuparendi;4322301;-27,75979999999;-54,4814;16125,7;18408,16;17406,93;23910,94;25682,06;27767,37;32276,63;31140,7;37062,96
Turuçu;4322327;-31,4173;-52,1706;12198,42;12767,5;15383,51;19940,26;22195,84;22959,08;24562,01;27803,08;27945,49
Ubiretama;4322343;-28,0404;-54,68589999999;12461,99;14606,11;13342,87;19500,17;21072,05;22092,66;26783,71;25907,99;30873,19
União da Serra;4322350;-28,7833;-52,0238;20702,29;22422,87;20130,94;30359,48;33871,15;35518,01;39728,43;37032,25;43421,1
Unistalda;4322376;-29,03999999999;-55,15169999999;11940,27;12860,41;11963,61;17959,54;18383,56;21794,22;25109,27;24099,21;29029,6
Uruguaiana;4322400;-29,76139999999;-57,08529999999;12099,3;12522,03;14407,85;16170,71;17713,54;20259,72;20116,79;21633,17;21808,17
Vacaria;4322509;-28,50789999999;-50,9418;19802,18;19447,85;22401,01;25856,04;27044,37;29689,09;31753,16;32591,56;34272,82
Vale do Sol;4322533;-29,59669999999;-52,6839;18977,22;15629,24;14622,88;16982,91;18064,65;18683,14;19107,45;19747,73;18979,05
Vale Real;4322541;-29,3919;-51,25589999999;11482,24;13134,83;13964,86;15994,69;18997,16;20251,51;24368,1;23181,73;22086,84
Vale Verde;4322525;-29,7864;-52,18569999999;12394,14;13250,52;18104,09;18847,87;20688,59;21503,66;23140,3;21987,84;21943,58
Vanini;4322558;-28,4758;-51,8447;15489,55;16827,87;18351,1;22875,81;24306,64;24766,86;27004,65;27295,77;27960,98
Venâncio Aires;4322608;-29,6143;-52,19319999999;26106,8;28381,11;30644;37406,43;40427,01;40594,77;38142,34;38258,63;49352,93
Vera Cruz;4322707;-29,71839999999;-52,5152;16210,43;18086,92;19147,6;22440,96;24016,63;23499,51;22689,59;22941,34;24467,49
Veranópolis;4322806;-28,9312;-51,5516;26838,68;32645,41;36037,41;35881,11;41318,27;45969,04;47112,43;56039,95;59746,82
Vespasiano Correa;4322855;-29,0655;-51,8625;17490,48;19720,97;21217,33;25939,48;28016,39;28934,74;32833,87;31546,01;36744,41
Viadutos;4322905;-27,5716;-52,02109999999;11071,66;13495,73;14245,06;22337,76;26164,37;27624,18;31430,41;23665,98;28451,04
Viamão;4323002;-30,0819;-51,01939999999;8146,08;8783,1;10355,4;10743,14;12290,35;12857,81;13776,34;14049,15;14732,35
Vicente Dutra;4323101;-27,16079999999;-53,4022;8725;10166,45;11710,64;14675,06;15234,81;15030,51;19073,16;17793,96;19951,01
Victor Graeff;4323200;-28,56319999999;-52,74949999999;24350,4;30768,36;30776,76;48165,69;37692,77;47354,41;50568,24;44342,41;60269,84
Vila Flores;4323309;-28,8598;-51,5504;27307,22;29835,28;34127,92;41606,86;48866,88;43364,15;44348,47;46298,82;52292,58
Vila Lângaro;4323358;-28,1062;-52,14379999999;20107,4;24951,82;24584,05;39905,58;33587,83;40927,86;45040,39;41755,8;52981,15
Vila Maria;4323408;-28,5359;-52,14869999999;26952,98;31857,75;34446,56;43977,55;42900,56;41799,55;47271,71;46015,97;48434,54
Vila Nova do Sul;4323457;-30,3461;-53,87599999999;11075,03;12377,89;12713,63;17845,15;19795,3;22183,63;27131,59;26746,21;28174,72
Vista Alegre;4323507;-27,3686;-53,4919;13906,79;13522,72;12902,42;18341,24;21628,72;20805,27;25297,77;25657,41;30292,95
Vista Alegre do Prata;4323606;-28,80519999999;-51,7946;22081,68;22113,78;19374,23;26918,07;30373,83;31473,48;34174,82;32239,88;34542,61
Vista Gaúcha;4323705;-27,29019999999;-53,6974;13276,35;14625,39;15994,99;18933,89;21152,73;22216,02;22370,89;23136,05;23348,1
Vitória das Missões;4323754;-28,3516;-54,50399999999;11852,36;13710,03;8991,76;18372,82;18596,39;20967,06;25281,96;24057,78;31116,94
Westfalia;4323770;-29,3744;-51,74629999999;23997,78;26083,21;30428,33;36133,23;38201,35;40951,45;46348,07;47853,2;55984,31
Xangri-lá;4323804;-29,8065;-50,0519;16765,92;18364,56;21752,53;22576,34;26250,06;30019,99;35398,72;35716,05;31202,93
