variavel: Total;;;;
caminho: /Demografia/População/Censos Demográficos/Total;;;;
fonte: Núcleo de Demografia e Previdência;;;;
agrupador: Município;;;;
descricao: ;;;;
Município;ibge;latitude;longitude;2010 (-)
Aceguá;4300034;-31,86075999999;-54,16705999999;4394
Água Santa;4300059;-28,1672;-52,03099999999;3722
Agudo;4300109;-29,6447;-53,2515;16722
Ajuricaba;4300208;-28,2342;-53,7757;7255
Alecrim;4300307;-27,6579;-54,76489999999;7045
Alegrete;4300406;-29,79019999999;-55,79489999999;77653
Alegria;4300455;-27,83449999999;-54,0557;4301
Almirante Tamandaré do Sul;4300471;-28,10859999999;-52,9119;2067
Alpestre;4300505;-27,2502;-53,0341;8027
Alto Alegre;4300554;-28,7769;-52,98919999999;1848
Alto Feliz;4300570;-29,3919;-51,3123;2917
Alvorada;4300604;-29,99139999999;-51,0809;195673
Amaral Ferrador;4300638;-30,87559999999;-52,25099999999;6353
Ametista do Sul;4300646;-27,3607;-53,183;7323
André da Rocha;4300661;-28,62829999999;-51,5797;1216
Anta Gorda;4300703;-28,96979999999;-52,01019999999;6073
Antônio Prado;4300802;-28,8565;-51,2883;12833
Arambaré;4300851;-30,9093;-51,5046;3693
Araricá;4300877;-29,6168;-50,92909999999;4864
Aratiba;4300901;-27,3978;-52,29749999999;6565
Arroio do Meio;4301008;-29,40139999999;-51,9557;18783
Arroio do Padre;4301073;-31,4316;-52,41709999999;2730
Arroio do Sal;4301057;-29,5439;-49,88949999999;7740
Arroio do Tigre;4301206;-29,3348;-53,0966;12648
Arroio dos Ratos;4301107;-30,0875;-51,72749999999;13606
Arroio Grande;4301305;-32,2327;-53,08619999999;18470
Arvorezinha;4301404;-28,87369999999;-52,1781;10225
Augusto Pestana;4301503;-28,51729999999;-53,9883;7096
Áurea;4301552;-27,6936;-52,0505;3665
Bagé;4301602;-31,32969999999;-54,09989999999;116794
Balneário Pinhal;4301636;-30,2419;-50,2336;10856
Barão;4301651;-29,3725;-51,4949;5741
Barão de Cotegipe;4301701;-27,62079999999;-52,3798;6529
Barão do Triunfo;4301750;-30,38909999999;-51,73839999999;7018
Barra do Guarita;4301859;-27,19269999999;-53,7109;3089
Barra do Quaraí;4301875;-30,2029;-57,5497;4012
Barra do Ribeiro;4301909;-30,2939;-51,3014;12572
Barra do Rio Azul;4301925;-27,4068;-52,4084;2003
Barra Funda;4301958;-27,9205;-53,03909999999;2367
Barracão;4301800;-27,6739;-51,45859999999;5357
Barros Cassal;4302006;-29,0947;-52,58359999999;11133
Benjamin Constant do Sul;4302055;-27,5086;-52,59949999999;2307
Bento Gonçalves;4302105;-29,1662;-51,5165;107278
Boa Vista das Missões;4302154;-27,6671;-53,3102;2114
Boa Vista do Buricá;4302204;-27,6693;-54,10819999999;6574
Boa Vista do Cadeado;4302220;-28,5716;-53,8138;2441
Boa Vista do Incra;4302238;-28,8092;-53,3874;2425
Boa Vista do Sul;4302253;-29,35439999999;-51,6687;2776
Bom Jesus;4302303;-28,66969999999;-50,42949999999;11519
Bom Princípio;4302352;-29,4856;-51,35479999999;11789
Bom Progresso;4302378;-27,53989999999;-53,8716;2328
Bom Retiro do Sul;4302402;-29,60859999999;-51,94639999999;11472
Boqueirão do Leão;4302451;-29,3046;-52,4284;7673
Bossoroca;4302501;-28,72909999999;-54,9035;6884
Bozano;4302584;-28,36746;-53,77223999999;2200
Braga;4302600;-27,6173;-53,74049999999;3702
Brochier;4302659;-29,5501;-51,59449999999;4675
Butiá;4302709;-30,11789999999;-51,96009999999;20406
Caçapava do Sul;4302808;-30,51439999999;-53,4827;33690
Cacequi;4302907;-29,8883;-54,822;13676
Cachoeira do Sul;4303004;-30,033;-52,8928;83827
Cachoeirinha;4303103;-29,94719999999;-51,10159999999;118278
Cacique Doble;4303202;-27,76699999999;-51,6597;4868
Caibaté;4303301;-28,2905;-54,6454;4954
Caiçara;4303400;-27,2791;-53,42569999999;5071
Camaquã;4303509;-30,8489;-51,80429999999;62764
Camargo;4303558;-28,588;-52,20029999999;2592
Cambará do Sul;4303608;-29,0474;-50,1465;6542
Campestre da Serra;4303673;-28,7926;-51,09409999999;3247
Campina das Missões;4303707;-27,9888;-54,8417;6117
Campinas do Sul;4303806;-27,7174;-52,6248;5506
Campo Bom;4303905;-29,6747;-51,0606;60074
Campo Novo;4304002;-27,6792;-53,80519999999;5459
Campos Borges;4304101;-28,8871;-53,00079999999;3494
Candelária;4304200;-29,66839999999;-52,78949999999;30171
Cândido Godói;4304309;-27,95149999999;-54,7517;6535
Candiota;4304358;-31,5515;-53,6773;8771
Canela;4304408;-29,356;-50,8119;39229
Canguçu;4304507;-31,396;-52,67819999999;53259
Canoas;4304606;-29,9128;-51,18569999999;323827
Canudos do Vale;4304614;-29,3187;-52,23449999999;1807
Capão Bonito do Sul;4304622;-29,76419999999;-50,02819999999;1754
Capão da Canoa;4304630;-29,6397;-49,95989999999;42040
Capão do Cipó;4304655;-28,904;-54,7;3104
Capão do Leão;4304663;-31,75649999999;-52,4889;24298
Capela de Santana;4304689;-29,6961;-51,328;11612
Capitão;4304697;-29,26739999999;-51,9853;2636
Capivari do Sul;4304671;-30,1382;-50,51509999999;3890
Caraá;4304713;-29,78689999999;-50,4316;7312
Carazinho;4304705;-28,2958;-52,7933;59317
Carlos Barbosa;4304804;-29,2969;-51,50289999999;25192
Carlos Gomes;4304853;-27,71669999999;-51,9121;1607
Casca;4304903;-28,5605;-51,98149999999;8651
Caseiros;4304952;-28,25819999999;-51,6861;3007
Catuípe;4305009;-28,2554;-54,01319999999;9323
Caxias do Sul;4305108;-29,1629;-51,1792;435564
Centenário;4305116;-27,7616;-51,99839999999;2965
Cerrito;4305124;-31,84189999999;-52,8004;6402
Cerro Branco;4305132;-29,657;-52,9406;4454
Cerro Grande;4305157;-27,6106;-53,1672;2417
Cerro Grande do Sul;4305173;-30,59049999999;-51,74179999999;10268
Cerro Largo;4305207;-28,1462;-54,7428;13289
Chapada;4305306;-28,0559;-53,06649999999;9377
Charqueadas;4305355;-29,9625;-51,6289;35320
Charrua;4305371;-27,9493;-52,015;3471
Chiapetta;4305405;-27,92299999999;-53,94189999999;4044
Chuí;4305439;-33,68659999999;-53,4594;5917
Chuvisca;4305447;-30,75039999999;-51,9737;4944
Cidreira;4305454;-30,16039999999;-50,2338;12668
Ciríaco;4305504;-28,34189999999;-51,87409999999;4922
Colinas;4305587;-29,38149999999;-51,8526;2420
Colorado;4305603;-28,5258;-52,9928;3550
Condor;4305702;-28,2075;-53,49049999999;6552
Constantina;4305801;-27,73199999999;-52,9938;9752
Coqueiro Baixo;4305835;-29,1722;-52,0989;1528
Coqueiros do Sul;4305850;-28,11939999999;-52,78419999999;2457
Coronel Barros;4305871;-28,39219999999;-54,0686;2459
Coronel Bicaco;4305900;-27,7197;-53,70219999999;7748
Coronel Pilar;4305934;-29,2684;-51,68789999999;1725
Cotiporã;4305959;-28,9891;-51,69709999999;3917
Coxilha;4305975;-28,128;-52,3023;2826
Crissiumal;4306007;-27,4999;-54,0994;14084
Cristal;4306056;-31,0046;-52,04359999999;7280
Cristal do Sul;4306072;-27,452;-53,24219999999;2826
Cruz Alta;4306106;-28,645;-53,60479999999;62821
Cruzaltense;4306130;-27,6644;-52,6492;2141
Cruzeiro do Sul;4306205;-29,5148;-51,9928;12320
David Canabarro;4306304;-28,38489999999;-51,84819999999;4683
Derrubadas;4306320;-27,26419999999;-53,8645;3190
Dezesseis de Novembro;4306353;-28,219;-55,0617;2866
Dilermando de Aguiar;4306379;-29,7054;-54,2122;3064
Dois Irmãos;4306403;-29,5836;-51,08979999999;27572
Dois Irmãos das Missões;4306429;-27,66209999999;-53,5304;2157
Dois Lajeados;4306452;-28,983;-51,83959999999;3278
Dom Feliciano;4306502;-30,70039999999;-52,1026;14380
Dom Pedrito;4306601;-30,9756;-54,6694;38898
Dom Pedro de Alcântara;4306551;-29,3639;-49,853;2550
Dona Francisca;4306700;-29,61949999999;-53,36169999999;3401
Doutor Maurício Cardoso;4306734;-27,5103;-54,35779999999;5313
Doutor Ricardo;4306759;-29,084;-51,9971;2030
Eldorado do Sul;4306767;-30,0847;-51,61869999999;34343
Encantado;4306809;-29,23509999999;-51,8703;20510
Encruzilhada do Sul;4306908;-30,54299999999;-52,5204;24534
Engenho Velho;4306924;-27,706;-52,91449999999;1527
Entre Rios do Sul;4306957;-27,5298;-52,73469999999;3080
Entre-ijuís;4306932;-28,3686;-54,26859999999;8938
Erebango;4306973;-27,85439999999;-52,3005;2970
Erechim;4307005;-27,63639999999;-52,2697;96087
Ernestina;4307054;-28,49769999999;-52,58359999999;3088
Erval Grande;4307203;-27,3926;-52,57399999999;5163
Erval Seco;4307302;-27,5443;-53,5005;7878
Esmeralda;4307401;-28,0518;-51,1933;3168
Esperança do Sul;4307450;-27,36029999999;-53,9891;3272
Espumoso;4307500;-28,7286;-52,8461;15240
Estação;4307559;-27,91349999999;-52,2635;6011
Estância Velha;4307609;-29,6535;-51,1843;42574
Esteio;4307708;-29,852;-51,1841;80755
Estrela;4307807;-29,5016;-51,9605;30619
Estrela Velha;4307815;-29,17129999999;-53,16389999999;3628
Eugênio de Castro;4307831;-28,5315;-54,15059999999;2798
Fagundes Varela;4307864;-28,8794;-51,7014;2579
Farroupilha;4307906;-29,2227;-51,3419;63635
Faxinal do Soturno;4308003;-29,5788;-53,44839999999;6672
Faxinalzinho;4308052;-27,4238;-52,67889999999;2567
Fazenda Vilanova;4308078;-29,5885;-51,8217;3697
Feliz;4308102;-29,4527;-51,30319999999;12359
Flores da Cunha;4308201;-29,02619999999;-51,1875;27126
Floriano Peixoto;4308250;-27,8614;-52,08379999999;2018
Fontoura Xavier;4308300;-28,9816;-52,34449999999;10719
Formigueiro;4308409;-30,00349999999;-53,49589999999;7014
Forquetinha;4308433;-29,3792;-52,0917;2479
Fortaleza dos Valos;4308458;-28,7986;-53,22489999999;4575
Frederico Westphalen;4308508;-27,35859999999;-53,3958;28843
Garibaldi;4308607;-29,259;-51,5352;30689
Garruchos;4308656;-28,1944;-55,6383;3234
Gaurama;4308706;-27,58559999999;-52,0915;5862
General Câmara;4308805;-29,90319999999;-51,7612;8447
Gentil;4308854;-28,4316;-52,0337;1677
Getúlio Vargas;4308904;-27,8911;-52,22939999999;16154
Giruá;4309001;-28,02969999999;-54,3517;17075
Glorinha;4309050;-29,87979999999;-50,7734;6891
Gramado;4309100;-29,3733;-50,87619999999;32273
Gramado dos Loureiros;4309126;-27,4429;-52,9149;2269
Gramado Xavier;4309159;-29,2706;-52,5795;3970
Gravataí;4309209;-29,94129999999;-50,98689999999;255660
Guabiju;4309258;-28,5421;-51,6948;1598
Guaíba;4309308;-30,10859999999;-51,3233;95204
Guaporé;4309407;-28,8399;-51,88949999999;22814
Guarani das Missões;4309506;-28,1491;-54,56289999999;8115
Harmonia;4309555;-29,5456;-51,4185;4254
Herval;4307104;-32,024;-53,39439999999;6753
Herveiras;4309571;-29,4552;-52,65529999999;2954
Horizontina;4309605;-27,6282;-54,3053;18348
Hulha Negra;4309654;-31,4067;-53,8667;6043
Humaitá;4309704;-27,56909999999;-53,96949999999;4919
Ibarama;4309753;-29,4203;-53,1295;4371
Ibiaçá;4309803;-28,0566;-51,8599;4710
Ibiraiaras;4309902;-28,37409999999;-51,6377;7171
Ibirapuitã;4309951;-28,6247;-52,51579999999;4061
Ibirubá;4310009;-28,63019999999;-53,0961;19310
Igrejinha;4310108;-29,56929999999;-50,79189999999;31660
Ijuí;4310207;-28,3881;-53,92;78915
Ilópolis;4310306;-28,9282;-52,12579999999;4102
Imbé;4310330;-29,9753;-50,1281;17670
Imigrante;4310363;-29,3508;-51,7747;3023
Independência;4310405;-27,8354;-54,1886;6618
Inhacorá;4310413;-27,8752;-54,015;2267
Ipê;4310439;-28,8171;-51,28589999999;6016
Ipiranga do Sul;4310462;-27,9404;-52,4271;1944
Iraí;4310504;-27,1951;-53,2543;8078
Itaara;4310538;-29,60129999999;-53,7725;5010
Itacurubi;4310553;-28,7913;-55,2447;3441
Itapuca;4310579;-28,7768;-52,1693;2344
Itaqui;4310603;-29,131;-56,55149999999;38159
Itati;4310652;-29,48832;-50,11357999999;2584
Itatiba do Sul;4310702;-27,38459999999;-52,4538;4171
Ivorá;4310751;-29,52319999999;-53,5842;2156
Ivoti;4310801;-29,59949999999;-51,1533;19874
Jaboticaba;4310850;-27,63469999999;-53,2762;4098
Jacuizinho;4310876;-29,02199999999;-53,05369999999;2507
Jacutinga;4310900;-27,72909999999;-52,53719999999;3633
Jaguarão;4311007;-32,5604;-53,377;27931
Jaguari;4311106;-29,4936;-54,703;11473
Jaquirana;4311122;-28,8811;-50,3637;4177
Jari;4311130;-29,2922;-54,2237;3575
Jóia;4311155;-28,6435;-54,1141;8331
Júlio de Castilhos;4311205;-29,2298;-53,67719999999;19579
Lagoa Bonita do Sul;4311239;-29,48819999999;-53,0138;2662
Lagoa dos Três Cantos;4311270;-28,56759999999;-52,8618;1598
Lagoa Vermelha;4311304;-28,20929999999;-51,52479999999;27525
Lagoão;4311254;-29,2348;-52,7997;6185
Lajeado;4311403;-29,45909999999;-51,96439999999;71445
Lajeado do Bugre;4311429;-27,69129999999;-53,1818;2487
Lavras do Sul;4311502;-30,80709999999;-53,89309999999;7679
Liberato Salzano;4311601;-27,60099999999;-53,07529999999;5780
Lindolfo Collor;4311627;-29,58589999999;-51,2141;5227
Linha Nova;4311643;-29,4679;-51,20029999999;1624
Maçambará;4311718;-29,1445;-56,06739999999;4738
Machadinho;4311700;-27,5667;-51,6668;5510
Mampituba;4311734;-29,2136;-49,9311;3003
Manoel Viana;4311759;-29,58589999999;-55,48409999999;7072
Maquiné;4311775;-29,6798;-50,2079;6905
Maratá;4311791;-29,5457;-51,55729999999;2527
Marau;4311809;-28,4498;-52,19859999999;36364
Marcelino Ramos;4311908;-27,4676;-51,9095;5134
Mariana Pimentel;4311981;-30,3531;-51,5803;3768
Mariano Moro;4312005;-27,3568;-52,1467;2210
Marques de Souza;4312054;-29,33109999999;-52,09729999999;4068
Mata;4312104;-29,5649;-54,4641;5111
Mato Castelhano;4312138;-28,28;-52,19319999999;2470
Mato Leitão;4312153;-29,5285;-52,1278;3865
Mato Queimado;4312179;-28,2475;-54,61919999999;1799
Maximiliano de Almeida;4312203;-27,6325;-51,8021;4911
Minas do Leão;4312252;-30,13459999999;-52,04229999999;7631
Miraguaí;4312302;-27,497;-53,6891;4855
Montauri;4312351;-28,6462;-52,0767;1542
Monte Alegre dos Campos;4312377;-28,68049999999;-50,7834;3102
Monte Belo do Sul;4312385;-29,16069999999;-51,63329999999;2670
Montenegro;4312401;-29,6824;-51,4679;59415
Mormaço;4312427;-28,6968;-52,6999;2749
Morrinhos do Sul;4312443;-29,3578;-49,9328;3182
Morro Redondo;4312450;-31,58869999999;-52,6261;6227
Morro Reuter;4312476;-29,5379;-51,08109999999;5676
Mostardas;4312500;-31,10539999999;-50,91669999999;12124
Muçum;4312609;-29,163;-51,8714;4791
Muitos Capões;4312617;-28,31319999999;-51,18359999999;2988
Muliterno;4312625;-28,32529999999;-51,7697;1813
Não-Me-Toque;4312658;-28,45479999999;-52,81819999999;15936
Nicolau Vergueiro;4312674;-28,5298;-52,46759999999;1721
Nonoai;4312708;-27,3689;-52,77559999999;12074
Nova Alvorada;4312757;-28,6822;-52,1631;3182
Nova Araçá;4312807;-28,6537;-51,7458;4001
Nova Bassano;4312906;-28,72909999999;-51,7072;8840
Nova Boa Vista;4312955;-27,99259999999;-52,9784;1960
Nova Bréscia;4313003;-29,2182;-52,0319;3184
Nova Candelária;4313011;-27,6137;-54,10739999999;2751
Nova Esperança do Sul;4313037;-29,4066;-54,8293;4671
Nova Hartz;4313060;-29,5807;-50,90509999999;18346
Nova Pádua;4313086;-29,0275;-51,3098;2450
Nova Palma;4313102;-29,471;-53,46889999999;6342
Nova Petrópolis;4313201;-29,37409999999;-51,1135;19045
Nova Prata;4313300;-28,7799;-51,6113;22830
Nova Ramada;4313334;-28,0667;-53,69919999999;2437
Nova Roma do Sul;4313359;-28,98819999999;-51,4095;3343
Nova Santa Rita;4313375;-29,85249999999;-51,2837;22716
Novo Barreiro;4313490;-27,90769999999;-53,1103;3978
Novo Cabrais;4313391;-29,73379999999;-52,9489;3855
Novo Hamburgo;4313409;-29,6876;-51,1328;238940
Novo Machado;4313425;-27,57649999999;-54,50359999999;3925
Novo Tiradentes;4313441;-27,5649;-53,1837;2277
Novo Xingu;4313466;-27,74309999999;-53,06159999999;1757
Osório;4313508;-29,8881;-50,2667;40906
Paim Filho;4313607;-27,7075;-51,76299999999;4243
Palmares do Sul;4313656;-30,25349999999;-50,5103;10969
Palmeira das Missões;4313706;-27,9006;-53,3134;34328
Palmitinho;4313805;-27,3596;-53,558;6920
Panambi;4313904;-28,2833;-53,50229999999;38058
Pantano Grande;4313953;-30,1901;-52,3729;9895
Paraí;4314001;-28,59639999999;-51,7896;6812
Paraíso do Sul;4314027;-29,6717;-53,14399999999;7336
Pareci Novo;4314035;-29,6365;-51,39739999999;3511
Parobé;4314050;-29,6243;-50,8312;51502
Passa Sete;4314068;-29,45769999999;-52,95989999999;5154
Passo do Sobrado;4314076;-29,748;-52,27479999999;6011
Passo Fundo;4314100;-28,2576;-52,4091;184826
Paulo Bento;4314134;-27,6978;-52,42609999999;2196
Paverama;4314159;-29,5485;-51,73389999999;8044
Pedras Altas;4314175;-31,72169999999;-53,58379999999;2212
Pedro Osório;4314209;-31,8642;-52,81839999999;7811
Pejuçara;4314308;-28,4283;-53,65789999999;3973
Pelotas;4314407;-31,7649;-52,3371;328275
Picada Café;4314423;-29,4464;-51,13669999999;5182
Pinhal;4314456;-27,50799999999;-53,20819999999;2513
Pinhal da Serra;4314464;-27,86339999999;-51,1702;2130
Pinhal Grande;4314472;-29,34499999999;-53,3207;4471
Pinheirinho do Vale;4314498;-27,21089999999;-53,60799999999;4497
Pinheiro Machado;4314506;-31,5794;-53,3798;12780
Pirapó;4314555;-28,0439;-55,20009999999;2757
Piratini;4314605;-31,44729999999;-53,09729999999;19841
Planalto;4314704;-27,32969999999;-53,0575;10524
Poço das Antas;4314753;-29,4481;-51,6719;2017
Pontão;4314779;-28,05849999999;-52,67909999999;3857
Ponte Preta;4314787;-27,6587;-52,4848;1750
Portão;4314803;-29,70149999999;-51,24289999999;30920
Porto Alegre;4314902;-30,032778;-51,23;1409351
Porto Lucena;4315008;-27,8569;-55,00999999999;5413
Porto Mauá;4315057;-27,57959999999;-54,6657;2542
Porto Vera Cruz;4315073;-27,7405;-54,8994;1852
Porto Xavier;4315107;-27,9082;-55,1379;10558
Pouso Novo;4315131;-29,1738;-52,2136;1875
Presidente Lucena;4315149;-29,5176;-51,1798;2484
Progresso;4315156;-29,24419999999;-52,31969999999;6163
Protásio Alves;4315172;-28,7572;-51,4757;2000
Putinga;4315206;-29,0045;-52,1569;4141
Quaraí;4315305;-30,384;-56,4483;23021
Quatro Irmãos;4315313;-27,81629999999;-52,44189999999;1775
Quevedos;4315321;-29,3504;-54,07889999999;2710
Quinze de Novembro;4315354;-28,7465;-53,1011;3653
Redentora;4315404;-27,664;-53,6407;10222
Relvado;4315453;-29,11639999999;-52,0778;2155
Restinga Sêca;4315503;-29,8188;-53,38069999999;15849
Rio dos Índios;4315552;-27,2973;-52,8417;3616
Rio Grande;4315602;-32,0349;-52,1071;197228
Rio Pardo;4315701;-29,988;-52,37109999999;37591
Riozinho;4315750;-29,63899999999;-50,44879999999;4330
Roca Sales;4315800;-29,28839999999;-51,8658;10284
Rodeio Bonito;4315909;-27,4742;-53,1706;5743
Rolador;4315958;-28,25767;-54,81864;2546
Rolante;4316006;-29,6462;-50,58189999999;19485
Ronda Alta;4316105;-27,7758;-52,80559999999;10221
Rondinha;4316204;-27,83149999999;-52,90809999999;5518
Roque Gonzales;4316303;-28,1297;-55,0266;7203
Rosário do Sul;4316402;-30,2515;-54,9221;39707
Sagrada Família;4316428;-27,7085;-53,1351;2595
Saldanha Marinho;4316436;-28,3941;-53,097;2869
Salto do Jacuí;4316451;-29,09509999999;-53,21329999999;11880
Salvador das Missões;4316477;-28,1233;-54,83729999999;2669
Salvador do Sul;4316501;-29,4386;-51,5077;6747
Sananduva;4316600;-27,94699999999;-51,80789999999;15373
Santa Bárbara do Sul;4316709;-28,3653;-53,25099999999;8829
Santa Cecília do Sul;4316733;-28,1537;-51,9296;1655
Santa Clara do Sul;4316758;-29,47469999999;-52,08429999999;5697
Santa Cruz do Sul;4316808;-29,722;-52,4343;118374
Santa Margarida do Sul;4316972;-30,32959999999;-54,08229999999;2352
Santa Maria;4316907;-29,6868;-53,81499999999;261031
Santa Maria do Herval;4316956;-29,4902;-50,9919;6053
Santa Rosa;4317202;-27,8702;-54,47959999999;68587
Santa Tereza;4317251;-29,1655;-51,7351;1720
Santa Vitória do Palmar;4317301;-33,52499999999;-53,37169999999;30990
Santana da Boa Vista;4317004;-30,8697;-53,10999999999;8242
Santana do Livramento;4317103;-30,88769999999;-55,5315;82464
Santiago;4317400;-29,18969999999;-54,86659999999;49071
Santo Ângelo;4317509;-28,3001;-54,2668;76275
Santo Antônio da Patrulha;4317608;-29,82679999999;-50,51749999999;39685
Santo Antônio das Missões;4317707;-28,51399999999;-55,22509999999;11210
Santo Antônio do Palma;4317558;-28,4956;-52,02669999999;2139
Santo Antônio do Planalto;4317756;-28,40309999999;-52,69919999999;1987
Santo Augusto;4317806;-27,85259999999;-53,7776;13968
Santo Cristo;4317905;-27,8263;-54,66199999999;14378
Santo Expedito do Sul;4317954;-27,90739999999;-51,6433;2461
São Borja;4318002;-28,6578;-56,00359999999;61671
São Domingos do Sul;4318051;-28,53119999999;-51,886;2926
São Francisco de Assis;4318101;-29,5547;-55,1253;19254
São Francisco de Paula;4318200;-29,4404;-50,58279999999;20537
São Gabriel;4318309;-30,3337;-54,3217;60425
São Jerônimo;4318408;-29,97159999999;-51,72509999999;22134
São João da Urtiga;4318424;-27,8195;-51,82569999999;4726
São João do Polêsine;4318432;-29,61939999999;-53,44389999999;2635
São Jorge;4318440;-28,4984;-51,7064;2774
São José das Missões;4318457;-27,7789;-53,12259999999;2720
São José do Herval;4318465;-29,052;-52,295;2204
São José do Hortêncio;4318481;-29,52799999999;-51,245;4094
São José do Inhacorá;4318499;-27,7251;-54,12749999999;2200
São José do Norte;4318507;-32,01509999999;-52,03309999999;25503
São José do Ouro;4318606;-27,7707;-51,5966;6904
São José do Sul;4318614;-29,529;-51,48709999999;2082
São José dos Ausentes;4318622;-28,74759999999;-50,0677;3290
São Leopoldo;4318705;-29,7545;-51,14979999999;214087
São Lourenço do Sul;4318804;-31,3564;-51,97149999999;43111
São Luiz Gonzaga;4318903;-28,41199999999;-54,9559;34556
São Marcos;4319000;-28,9677;-51,0696;20103
São Martinho;4319109;-27,7112;-53,9699;5773
São Martinho da Serra;4319125;-29,5397;-53,859;3201
São Miguel das Missões;4319158;-28,556;-54,5559;7421
São Nicolau;4319208;-28,18339999999;-55,2654;5727
São Paulo das Missões;4319307;-28,0195;-54,94039999999;6364
São Pedro da Serra;4319356;-29,4193;-51,51339999999;3315
São Pedro das Missões;4319364;-27,77321999999;-53,25047;1886
São Pedro do Butiá;4319372;-28,1243;-54,8926;2873
São Pedro do Sul;4319406;-29,6202;-54,18549999999;16368
São Sebastião do Caí;4319505;-29,5885;-51,37489999999;21932
São Sepé;4319604;-30,1643;-53,56029999999;23798
São Valentim;4319703;-27,55829999999;-52,52369999999;3632
São Valentim do Sul;4319711;-29,0451;-51,7684;2168
São Valério do Sul;4319737;-27,7906;-53,93679999999;2647
São Vendelino;4319752;-29,3729;-51,3675;1944
São Vicente do Sul;4319802;-29,68819999999;-54,6826;8440
Sapiranga;4319901;-29,63489999999;-51,0065;74985
Sapucaia do Sul;4320008;-29,8276;-51,145;130957
Sarandi;4320107;-27,942;-52,92309999999;21285
Seberi;4320206;-27,4829;-53,4026;10897
Sede Nova;4320230;-27,6367;-53,9493;3011
Segredo;4320263;-29,3523;-52,9767;7158
Selbach;4320305;-28,6294;-52,9498;4929
Senador Salgado Filho;4320321;-28,025;-54,55069999999;2814
Sentinela do Sul;4320354;-30,6107;-51,58619999999;5198
Serafina Corrêa;4320404;-28,71259999999;-51,93529999999;14253
Sério;4320453;-29,3904;-52,2685;2281
Sertão;4320503;-27,9798;-52,2588;6294
Sertão Santana;4320552;-30,45619999999;-51,6017;5850
Sete de Setembro;4320578;-28,13619999999;-54,4637;2124
Severiano de Almeida;4320602;-27,43619999999;-52,12169999999;3842
Silveira Martins;4320651;-29,64669999999;-53,591;2449
Sinimbu;4320677;-29,53569999999;-52,5305;10068
Sobradinho;4320701;-29,4194;-53,0326;14283
Soledade;4320800;-28,8306;-52,5131;30044
Tabaí;4320859;-29,643;-51,68229999999;4131
Tapejara;4320909;-28,0652;-52,0097;19250
Tapera;4321006;-28,6277;-52,86119999999;10448
Tapes;4321105;-30,66829999999;-51,39909999999;16629
Taquara;4321204;-29,6505;-50,7753;54643
Taquari;4321303;-29,7943;-51,86529999999;26092
Taquaruçu do Sul;4321329;-27,4004;-53,4703;2966
Tavares;4321352;-31,2843;-51,088;5351
Tenente Portela;4321402;-27,37109999999;-53,75849999999;13719
Terra de Areia;4321436;-29,57819999999;-50,06439999999;9878
Teutônia;4321451;-29,4482;-51,8044;27272
Tio Hugo;4321469;-28,57404;-52,5949;2724
Tiradentes do Sul;4321477;-27,4022;-54,0814;6461
Toropi;4321493;-29,4782;-54,2244;2952
Torres;4321501;-29,3334;-49,7333;34656
Tramandaí;4321600;-29,9841;-50,13219999999;41585
Travesseiro;4321626;-29,29769999999;-52,05319999999;2314
Três Arroios;4321634;-27,50029999999;-52,14479999999;2855
Três Cachoeiras;4321667;-29,44869999999;-49,9275;10217
Três Coroas;4321709;-29,5137;-50,77389999999;23848
Três de Maio;4321808;-27,78;-54,2357;23726
Três Forquilhas;4321832;-29,53839999999;-50,07079999999;2914
Três Palmeiras;4321857;-27,6139;-52,84369999999;4381
Três Passos;4321907;-27,4555;-53,9296;23965
Trindade do Sul;4321956;-27,5239;-52,8956;5787
Triunfo;4322004;-29,92909999999;-51,7075;25793
Tucunduva;4322103;-27,65729999999;-54,44389999999;5898
Tunas;4322152;-29,10389999999;-52,9538;4395
Tupanci do Sul;4322186;-27,92409999999;-51,5383;1573
Tupanciretã;4322202;-29,08579999999;-53,84449999999;22281
Tupandi;4322251;-29,4772;-51,4174;3924
Tuparendi;4322301;-27,75979999999;-54,4814;8557
Turuçu;4322327;-31,4173;-52,1706;3522
Ubiretama;4322343;-28,0404;-54,68589999999;2296
União da Serra;4322350;-28,7833;-52,0238;1487
Unistalda;4322376;-29,03999999999;-55,15169999999;2450
Uruguaiana;4322400;-29,76139999999;-57,08529999999;125435
Vacaria;4322509;-28,50789999999;-50,9418;61342
Vale do Sol;4322533;-29,59669999999;-52,6839;11077
Vale Real;4322541;-29,3919;-51,25589999999;5118
Vale Verde;4322525;-29,7864;-52,18569999999;3253
Vanini;4322558;-28,4758;-51,8447;1984
Venâncio Aires;4322608;-29,6143;-52,19319999999;65946
Vera Cruz;4322707;-29,71839999999;-52,5152;23983
Veranópolis;4322806;-28,9312;-51,5516;22810
Vespasiano Correa;4322855;-29,0655;-51,8625;1974
Viadutos;4322905;-27,5716;-52,02109999999;5311
Viamão;4323002;-30,0819;-51,01939999999;239384
Vicente Dutra;4323101;-27,16079999999;-53,4022;5285
Victor Graeff;4323200;-28,56319999999;-52,74949999999;3036
Vila Flores;4323309;-28,8598;-51,5504;3207
Vila Lângaro;4323358;-28,1062;-52,14379999999;2152
Vila Maria;4323408;-28,5359;-52,14869999999;4221
Vila Nova do Sul;4323457;-30,3461;-53,87599999999;4221
Vista Alegre;4323507;-27,3686;-53,4919;2832
Vista Alegre do Prata;4323606;-28,80519999999;-51,7946;1569
Vista Gaúcha;4323705;-27,29019999999;-53,6974;2759
Vitória das Missões;4323754;-28,3516;-54,50399999999;3485
Westfalia;4323770;-29,3744;-51,74629999999;2793
Xangri-lá;4323804;-29,8065;-50,0519;12434
