variavel: Total;;;;;;;;;;;;
caminho: /Educação/Ensino Médio/Taxa de Abandono/Total;;;;;;;;;;;;
fonte: Instituto Nacional de Estudos e Pesquisas Educacionais.;;;;;;;;;;;;
agrupador: Município;;;;;;;;;;;;
descricao: ;;;;;;;;;;;;
Município;ibge;latitude;longitude;2010 (-);2011 (-);2012 (-);2013 (-);2014 (-);2015 (-);2016 (-);2017 (-);2018 (-)
Aceguá;4300034;-31,86075999999;-54,16705999999;7,5;2,7;16,9;8,5;1,7;6,4;6,2;0,5;3,3
Água Santa;4300059;-28,1672;-52,03099999999;3,6;5;4,3;2,1;5,3;2,2;4,4;0;5,1
Agudo;4300109;-29,6447;-53,2515;9,7;7,7;6;8,2;4,7;4,9;4,1;1,1;4,8
Ajuricaba;4300208;-28,2342;-53,7757;8,7;4,4;4,1;8;8,6;5,5;10,1;0,5;9,5
Alecrim;4300307;-27,6579;-54,76489999999;3,1;3,1;1,3;3,3;1,9;4,9;7,4;0,4;3,5
Alegrete;4300406;-29,79019999999;-55,79489999999;12,2;11,5;12,2;15,9;9,5;7;5,6;0,5;5,8
Alegria;4300455;-27,83449999999;-54,0557;8,8;9;6,7;3,6;9,2;4,4;17,1;1,9;13,2
Almirante Tamandaré do Sul;4300471;-28,10859999999;-52,9119;2,8;1,4;10,8;7;8;0;2,6;0;2,4
Alpestre;4300505;-27,2502;-53,0341;11,7;8,3;6,3;5,8;5,6;4,3;4,9;0,4;6,5
Alto Alegre;4300554;-28,7769;-52,98919999999;0;8,1;3,3;-;5;1,5;6,2;0;0
Alto Feliz;4300570;-29,3919;-51,3123;4,4;4,7;6,5;2,4;1,1;8,8;23,1;1,4;16,1
Alvorada;4300604;-29,99139999999;-51,0809;13,9;15,3;16,6;12,1;12;7;5,6;2,3;6,3
Amaral Ferrador;4300638;-30,87559999999;-52,25099999999;14,5;15,8;7,3;16,1;12,5;10,1;1,4;0,5;21,6
Ametista do Sul;4300646;-27,3607;-53,183;6,9;8,3;2,4;1,8;6,4;9,4;6;1,3;13,9
André da Rocha;4300661;-28,62829999999;-51,5797;8,9;3;16,6;-;9,6;0;8,1;0;14,3
Anta Gorda;4300703;-28,96979999999;-52,01019999999;8,2;7,6;10,5;7,1;4,2;9;4,8;0,7;7,7
Antônio Prado;4300802;-28,8565;-51,2883;3,4;4,3;6;5,7;3,9;3,6;3,9;0,3;4,9
Arambaré;4300851;-30,9093;-51,5046;15,1;18,8;20,7;11,7;18,1;3,2;18,7;0;19,6
Araricá;4300877;-29,6168;-50,92909999999;20,3;21,8;24,7;20;12,1;8;8,4;1,1;22
Aratiba;4300901;-27,3978;-52,29749999999;7;2,6;1,9;2,4;1,2;1,6;2,3;0;0
Arroio do Meio;4301008;-29,40139999999;-51,9557;14,1;1;8,7;7,3;5;5,3;5,9;0,7;2
Arroio do Padre;4301073;-31,4316;-52,41709999999;7,8;5;0,6;6,4;9,2;3,3;1;0;5,2
Arroio do Sal;4301057;-29,5439;-49,88949999999;14,5;14,1;14,3;2,3;3,3;8,1;5,5;0,3;0,4
Arroio do Tigre;4301206;-29,3348;-53,0966;8,2;6,8;6,1;8,7;5,6;5,9;7,1;0,5;11,8
Arroio dos Ratos;4301107;-30,0875;-51,72749999999;10,4;9,4;8,7;9,3;3,3;3,7;4,6;2,1;6,1
Arroio Grande;4301305;-32,2327;-53,08619999999;13,8;1,4;9,5;5,2;3,9;2,4;4,6;0,9;2,9
Arvorezinha;4301404;-28,87369999999;-52,1781;17,5;13,3;10,8;10,5;4,6;7,5;4,5;1,2;11,9
Augusto Pestana;4301503;-28,51729999999;-53,9883;8,5;7,2;4,5;1,2;5,2;8,7;5,3;0,4;15
Áurea;4301552;-27,6936;-52,0505;2,4;2,1;4,7;5,9;1,7;4;1,6;0;2,8
Bagé;4301602;-31,32969999999;-54,09989999999;20;16,6;14,8;10,1;7,4;6;5,4;0,8;6,5
Balneário Pinhal;4301636;-30,2419;-50,2336;6,4;22;25,9;31,8;21,8;11,8;11,9;2,1;14
Barão;4301651;-29,3725;-51,4949;10,9;7,4;6,1;9,1;4,3;6,9;5,4;0;2,4
Barão de Cotegipe;4301701;-27,62079999999;-52,3798;2;1,5;1,5;2,5;5,5;12;9,2;2,1;5,9
Barão do Triunfo;4301750;-30,38909999999;-51,73839999999;13,3;12,2;16,7;2,7;9,6;9,2;1,9;0,7;1
Barra do Guarita;4301859;-27,19269999999;-53,7109;6,6;-;7,2;2,7;5,5;7,1;5,7;0;7,7
Barra do Quaraí;4301875;-30,2029;-57,5497;25;14,8;14,1;17,5;8,1;16,7;12,9;0,3;11,2
Barra do Ribeiro;4301909;-30,2939;-51,3014;17,2;18,2;15,2;9,7;12,1;10,3;5,6;1;8,4
Barra do Rio Azul;4301925;-27,4068;-52,4084;1,4;2,7;1,4;-;0;0;0;0;0
Barra Funda;4301958;-27,9205;-53,03909999999;3,5;12,6;4,1;2,9;4;2,5;6,6;0;12
Barracão;4301800;-27,6739;-51,45859999999;8,1;5,9;1,6;1,6;9,3;3,7;9,6;2,5;6,8
Barros Cassal;4302006;-29,0947;-52,58359999999;11,9;9,7;12,7;4,7;3,2;1,9;4,5;0,4;3
Benjamin Constant do Sul;4302055;-27,5086;-52,59949999999;6,8;13,7;16;6,6;8,4;0,7;7,4;0;7,3
Bento Gonçalves;4302105;-29,1662;-51,5165;11,1;9,4;9,7;7,1;3,8;3,2;3,3;0,8;4,6
Boa Vista das Missões;4302154;-27,6671;-53,3102;4,5;3,8;-;2,9;3,4;2;0;0,4;10,2
Boa Vista do Buricá;4302204;-27,6693;-54,10819999999;7,2;6,3;4,7;5,4;4,3;8,1;3,8;1,5;4,5
Boa Vista do Cadeado;4302220;-28,5716;-53,8138;1,5;5,4;3,2;1,7;0;10,2;0;5,8;0
Boa Vista do Incra;4302238;-28,8092;-53,3874;8,9;1,1;1,2;-;0;0;0;0,2;0
Boa Vista do Sul;4302253;-29,35439999999;-51,6687;0;1;7,2;1,3;5,3;1,2;1,2;0;0
Bom Jesus;4302303;-28,66969999999;-50,42949999999;7,3;3,2;10,7;11,1;13,7;13,7;4,7;1,2;21
Bom Princípio;4302352;-29,4856;-51,35479999999;10;6,5;5,7;9,2;6,7;3,2;5,4;0,5;2,6
Bom Progresso;4302378;-27,53989999999;-53,8716;13;1,8;6,7;9,8;7,9;6,7;6,8;0,6;18,7
Bom Retiro do Sul;4302402;-29,60859999999;-51,94639999999;16,9;11,1;14,3;12,4;14,3;18,1;11,9;0,8;9,6
Boqueirão do Leão;4302451;-29,3046;-52,4284;10,4;14,2;9,1;10,9;6,3;6,9;6,8;0,7;14,2
Bossoroca;4302501;-28,72909999999;-54,9035;26;25,8;18,7;15,4;11,3;12,8;1;2,2;2,6
Bozano;4302584;-28,36746;-53,77223999999;0;1,2;-;10;5,6;3,9;7,7;2,2;2,7
Braga;4302600;-27,6173;-53,74049999999;13,9;15;10;5,9;8,2;6,6;2,2;0;8,4
Brochier;4302659;-29,5501;-51,59449999999;12,4;12;4,9;2,3;5,2;5;7,1;1,2;14,3
Butiá;4302709;-30,11789999999;-51,96009999999;15;17,4;14,3;9,7;9,4;8;6,5;0,5;11,7
Caçapava do Sul;4302808;-30,51439999999;-53,4827;9,1;11,7;11;10,7;5,5;5,2;3,5;1,2;1,6
Cacequi;4302907;-29,8883;-54,822;8,1;12,4;12,6;9,5;10,2;10,9;3,8;0,5;5,6
Cachoeira do Sul;4303004;-30,033;-52,8928;9,9;7,9;11,4;8,6;5;6,1;4,6;0,8;6,6
Cachoeirinha;4303103;-29,94719999999;-51,10159999999;10,2;1,8;11,3;9,2;6;6,5;3,9;1,3;6,6
Cacique Doble;4303202;-27,76699999999;-51,6597;4,1;0,6;0,6;1,8;7,3;3,5;7,5;0,7;0
Caibaté;4303301;-28,2905;-54,6454;7,5;2,9;12,5;7,3;7;4,3;7,6;0,8;5,3
Caiçara;4303400;-27,2791;-53,42569999999;3;6;1,9;4,2;3,2;2,1;6;1,1;4,7
Camaquã;4303509;-30,8489;-51,80429999999;10,1;8,3;13,4;8,8;2,1;6,7;3,5;1,1;1,7
Camargo;4303558;-28,588;-52,20029999999;3,3;3,2;-;-;3,4;6,9;5;1,9;10,7
Cambará do Sul;4303608;-29,0474;-50,1465;14,8;12,6;10,5;7,9;7,3;15,3;6,6;0,3;17,6
Campestre da Serra;4303673;-28,7926;-51,09409999999;1,7;2,5;13;5,1;4,8;6,8;5,6;1,3;7,8
Campina das Missões;4303707;-27,9888;-54,8417;0,9;3;0,9;2,4;0;1,4;0,6;0;4,3
Campinas do Sul;4303806;-27,7174;-52,6248;4,7;4,5;7,1;2,4;3,3;6,4;4,4;0;10,8
Campo Bom;4303905;-29,6747;-51,0606;16,2;14,2;14,8;17,1;9;8,2;4,6;0,5;6,5
Campo Novo;4304002;-27,6792;-53,80519999999;15,9;1,6;13,7;19,3;15,3;8,8;9,5;1,4;15,3
Campos Borges;4304101;-28,8871;-53,00079999999;14,6;6,4;15,8;8,1;6,3;4,9;9,5;0;3,4
Candelária;4304200;-29,66839999999;-52,78949999999;4,5;7,5;8,9;7,7;6,8;7,1;6,4;2,4;4
Cândido Godói;4304309;-27,95149999999;-54,7517;5;3;2;4,3;4;2,9;3,1;0,6;5,7
Candiota;4304358;-31,5515;-53,6773;8,2;6,4;12;19,3;14,1;10,5;6,3;0,4;6,9
Canela;4304408;-29,356;-50,8119;10,7;12,5;13,7;14,7;13,4;9,1;3,2;1,4;13
Canguçu;4304507;-31,396;-52,67819999999;12,8;1,3;15;3,6;8,1;3,3;4,8;1;5
Canoas;4304606;-29,9128;-51,18569999999;12;1,9;14;12,3;6,3;6,8;5,8;1,7;7,6
Canudos do Vale;4304614;-29,3187;-52,23449999999;13,5;4,5;2,4;5,5;0;0;9;1;5
Capão Bonito do Sul;4304622;-29,76419999999;-50,02819999999;7,5;9,7;4,8;2,7;4,2;1,8;9,6;0;10
Capão da Canoa;4304630;-29,6397;-49,95989999999;18,4;9,4;17,3;7,4;2,7;1,4;5,4;0,9;8,5
Capão do Cipó;4304655;-28,904;-54,7;3,6;3;1,5;4,4;12,4;4,6;8,2;1,1;0
Capão do Leão;4304663;-31,75649999999;-52,4889;26,3;28;38,7;18,7;18,7;22,6;18,6;1;20,2
Capela de Santana;4304689;-29,6961;-51,328;16,2;2,4;23,3;17,1;22,1;12,3;10,6;2,5;8
Capitão;4304697;-29,26739999999;-51,9853;8,8;5,2;5;5,5;1,9;5,7;7,4;1,4;6,7
Capivari do Sul;4304671;-30,1382;-50,51509999999;12,5;3;14,3;4,6;11,8;1,8;7,7;0;10
Caraá;4304713;-29,78689999999;-50,4316;11,4;12,7;4,5;4,6;9,7;4,5;5,2;4;8,7
Carazinho;4304705;-28,2958;-52,7933;9;13,1;14,4;10,1;7,1;12,3;7,3;0,9;9,3
Carlos Barbosa;4304804;-29,2969;-51,50289999999;5,7;4,9;3,6;6,7;3,5;2,6;3,4;0,1;3
Carlos Gomes;4304853;-27,71669999999;-51,9121;1,2;8;-;3,9;8,6;5;4,5;0;2
Casca;4304903;-28,5605;-51,98149999999;3,1;1,5;4,9;5,3;3,4;2,1;4,8;0,2;5,6
Caseiros;4304952;-28,25819999999;-51,6861;2,6;2,7;5,1;4,2;1,9;0,9;4,9;1,8;3,4
Catuípe;4305009;-28,2554;-54,01319999999;15,9;7,6;12,6;8;16,1;15;13,2;2,6;17,5
Caxias do Sul;4305108;-29,1629;-51,1792;11,1;8;10,1;9,6;5,9;5,3;4,6;0,6;4,6
Centenário;4305116;-27,7616;-51,99839999999;2,9;1,9;8,2;3,1;3,2;3,8;8,7;0;0
Cerrito;4305124;-31,84189999999;-52,8004;5,5;3;7,3;10,8;11,2;12;14,6;0,2;0
Cerro Branco;4305132;-29,657;-52,9406;6,7;4,7;3,1;10,5;4,6;3,5;5,6;1;6,8
Cerro Grande;4305157;-27,6106;-53,1672;6,4;12,9;18,9;15,9;4,8;3,7;0;0,3;14,3
Cerro Grande do Sul;4305173;-30,59049999999;-51,74179999999;19,8;1,1;6,8;13,7;10,2;4,7;7,4;0,2;1,1
Cerro Largo;4305207;-28,1462;-54,7428;6,1;4;1,6;11,7;5,1;4,2;5,7;0,2;13,6
Chapada;4305306;-28,0559;-53,06649999999;11;7,5;9,8;4,4;5,7;12,1;12,1;1,9;5,1
Charqueadas;4305355;-29,9625;-51,6289;5,7;5,2;3,5;3;2,6;5,1;0,7;0,1;3,1
Charrua;4305371;-27,9493;-52,015;12,2;25;12,3;15,2;18,2;5,9;14,9;4,5;20,8
Chiapetta;4305405;-27,92299999999;-53,94189999999;0,8;1,6;5,8;2,6;0;0;6,3;0,3;17,3
Chuí;4305439;-33,68659999999;-53,4594;20,1;34,8;17,2;3,9;29,5;18,7;12,5;0,9;9,4
Chuvisca;4305447;-30,75039999999;-51,9737;15,9;8,5;7,9;5,7;1,7;3;0;0,1;0
Cidreira;4305454;-30,16039999999;-50,2338;14;15;10,2;4,5;7,9;8,2;8,8;3,4;3,5
Ciríaco;4305504;-28,34189999999;-51,87409999999;1,1;1,7;2,7;2,9;2,8;2,4;3,5;0,3;8,6
Colinas;4305587;-29,38149999999;-51,8526;14,9;13;5,8;-;6,9;7,4;4;0,3;7,3
Colorado;4305603;-28,5258;-52,9928;7;9,2;9,2;18,4;17,5;6;10,1;0,3;0
Condor;4305702;-28,2075;-53,49049999999;9,4;19,6;9,5;9,6;1,6;7,5;10,8;0,6;12,4
Constantina;4305801;-27,73199999999;-52,9938;14,1;12,2;4,7;0,3;3,8;6,1;3,6;0,2;2,5
Coqueiro Baixo;4305835;-29,1722;-52,0989;8,7;-;4;3,7;0;7;5,6;0,7;0
Coqueiros do Sul;4305850;-28,11939999999;-52,78419999999;6,3;3,2;1;8,9;0;15,8;6,9;0;11,4
Coronel Barros;4305871;-28,39219999999;-54,0686;1,4;4,1;14,4;1,2;13,1;13;12,5;0,8;0
Coronel Bicaco;4305900;-27,7197;-53,70219999999;20,2;19,1;15;10,2;24,1;26,9;17,4;1,4;16,5
Coronel Pilar;4305934;-29,2684;-51,68789999999;4;2,6;-;2;2,4;0;0;0;0
Cotiporã;4305959;-28,9891;-51,69709999999;8,2;4;2,6;4,7;2,6;0;1,3;0,6;0
Coxilha;4305975;-28,128;-52,3023;7,1;6,2;3;4,4;10,6;9,4;8;0;18,4
Crissiumal;4306007;-27,4999;-54,0994;14,7;9,1;7,7;5,3;6,3;5,5;4;0,4;7,6
Cristal;4306056;-31,0046;-52,04359999999;14;9,6;11,1;19,4;10,1;6,9;4,8;1;1,1
Cristal do Sul;4306072;-27,452;-53,24219999999;13,8;22;16,3;12;10,3;3,7;1,8;0;1,2
Cruz Alta;4306106;-28,645;-53,60479999999;10,9;11,3;10,1;8,2;7,8;5,1;8,2;0,8;8,3
Cruzaltense;4306130;-27,6644;-52,6492;13,4;7,9;1,1;-;5;0;0;0;0
Cruzeiro do Sul;4306205;-29,5148;-51,9928;13,8;1,3;10,8;12,5;11,3;13,1;18,4;1,8;11,9
David Canabarro;4306304;-28,38489999999;-51,84819999999;5,6;3,5;4,3;2,4;1,9;1,4;4,7;0,9;0
Derrubadas;4306320;-27,26419999999;-53,8645;6,8;13,1;9;7,4;5,7;5,6;4,7;0;5,7
Dezesseis de Novembro;4306353;-28,219;-55,0617;12,2;2,5;2,6;3,3;3,4;0,9;3,5;1,8;19,1
Dilermando de Aguiar;4306379;-29,7054;-54,2122;9,3;12,1;14,6;12,5;10;10,5;11,2;1,4;7
Dois Irmãos;4306403;-29,5836;-51,08979999999;11,7;12,1;7,2;2,3;1,5;0,3;0,3;0,3;1,3
Dois Irmãos das Missões;4306429;-27,66209999999;-53,5304;6,7;11,4;2,1;17,2;12,8;38,2;7,6;1,1;17,9
Dois Lajeados;4306452;-28,983;-51,83959999999;6,4;5,5;3,1;1,1;3,9;2,4;1,3;0;1,5
Dom Feliciano;4306502;-30,70039999999;-52,1026;14,1;15,6;17,6;20,7;13,1;11,3;17;1,6;15
Dom Pedrito;4306601;-30,9756;-54,6694;8,5;7,6;10,5;7,8;3,8;0,7;4;1,2;0,4
Dom Pedro de Alcântara;4306551;-29,3639;-49,853;10,1;6,2;1,3;10,6;13,8;2,4;15,3;0,6;22,2
Dona Francisca;4306700;-29,61949999999;-53,36169999999;14,2;18,2;4,8;7,1;6,9;5,7;1,2;0,1;9,1
Doutor Maurício Cardoso;4306734;-27,5103;-54,35779999999;1,5;4,2;3,1;3,8;4,8;3,1;9,3;0;5,1
Doutor Ricardo;4306759;-29,084;-51,9971;6;3,1;2,2;3,6;12,3;0;8,6;1,2;4,1
Eldorado do Sul;4306767;-30,0847;-51,61869999999;4,7;6,9;12,9;18;15,9;10,3;10,4;1,3;6,7
Encantado;4306809;-29,23509999999;-51,8703;17,4;1,5;8,6;10,3;2,2;4,5;1,1;1;4,5
Encruzilhada do Sul;4306908;-30,54299999999;-52,5204;12,8;1,8;11,7;4,5;5;5,4;4;0,9;7,1
Engenho Velho;4306924;-27,706;-52,91449999999;18,2;19,3;16;11,1;8,7;14,3;14,3;3,2;20,4
Entre Rios do Sul;4306957;-27,5298;-52,73469999999;8,2;2,8;5,6;4,8;16,4;7,4;7,7;1;4,2
Entre-ijuís;4306932;-28,3686;-54,26859999999;13,6;17,5;12,1;10,4;7,9;7,9;15;2,4;6,3
Erebango;4306973;-27,85439999999;-52,3005;9,6;24,1;8,3;10,5;11,6;15,1;9,1;3;7,3
Erechim;4307005;-27,63639999999;-52,2697;7,2;7,7;8,1;6;2,4;2,8;3,6;0,8;4,3
Ernestina;4307054;-28,49769999999;-52,58359999999;1,8;2,3;0,9;6;0,9;2,8;8,5;0,3;0
Erval Grande;4307203;-27,3926;-52,57399999999;14,8;1,6;4,4;8,5;4,9;9,3;3;1,3;12,6
Erval Seco;4307302;-27,5443;-53,5005;6,3;5,9;2,1;15,8;8;6,8;6,8;1,7;12
Esmeralda;4307401;-28,0518;-51,1933;11,8;6,3;7,5;3,4;1,7;2,8;4,8;0,8;13,4
Esperança do Sul;4307450;-27,36029999999;-53,9891;12;1,7;8;2,7;8,8;5,7;5,6;0;6,6
Espumoso;4307500;-28,7286;-52,8461;17;1,2;11,7;9;7,3;5,6;4,7;0,4;6,8
Estação;4307559;-27,91349999999;-52,2635;7,5;11,8;7,5;4,2;7,5;8,2;0;0,4;7,9
Estância Velha;4307609;-29,6535;-51,1843;13,8;16,4;13,2;12,1;7,8;6,3;4,2;0,3;5,5
Esteio;4307708;-29,852;-51,1841;11,3;12;16,3;11,1;5,7;7;6,5;1;7,1
Estrela;4307807;-29,5016;-51,9605;12,5;1,9;10,9;8,1;7,9;6,7;5,5;0,6;5
Estrela Velha;4307815;-29,17129999999;-53,16389999999;4,5;2,4;5,1;2,9;6,2;1,8;6,3;0,7;2,9
Eugênio de Castro;4307831;-28,5315;-54,15059999999;9,7;8,7;5,6;9,4;5;6,3;8;0,9;4,2
Fagundes Varela;4307864;-28,8794;-51,7014;3,4;-;2,4;-;0;2,8;4,4;0;0
Farroupilha;4307906;-29,2227;-51,3419;5,6;7,8;8,7;10,2;2,4;4,6;2,5;0,4;6,5
Faxinal do Soturno;4308003;-29,5788;-53,44839999999;1,9;3,4;3,8;1,1;1,6;1,2;1,5;0,5;5,6
Faxinalzinho;4308052;-27,4238;-52,67889999999;9,5;3,2;10,2;2,2;5,6;0;0;0;0
Fazenda Vilanova;4308078;-29,5885;-51,8217;22,6;25,5;5;9,8;13,5;12,2;16,2;0,3;8,4
Feliz;4308102;-29,4527;-51,30319999999;7,9;1,4;5,5;4,1;2,7;4,1;3,7;0,2;5,9
Flores da Cunha;4308201;-29,02619999999;-51,1875;11,2;9,4;6,8;4,4;4,7;5,8;6,2;0,4;6
Floriano Peixoto;4308250;-27,8614;-52,08379999999;3,2;2,7;-;2,8;5,5;12,2;9,6;1;4,2
Fontoura Xavier;4308300;-28,9816;-52,34449999999;9,5;16,1;10,4;6,6;5,8;6,8;8,3;0,1;14,4
Formigueiro;4308409;-30,00349999999;-53,49589999999;0;-;28,3;8,9;16,5;2,2;19,4;0,4;0,3
Forquetinha;4308433;-29,3792;-52,0917;28;5,9;8,7;12,5;4,2;3,3;3,3;0;6,5
Fortaleza dos Valos;4308458;-28,7986;-53,22489999999;4,6;4,7;3;5,9;3,5;0;0;0,2;0
Frederico Westphalen;4308508;-27,35859999999;-53,3958;6,1;6,5;5,5;4,2;3,4;1,6;1,4;0,4;1,5
Garibaldi;4308607;-29,259;-51,5352;7,5;0,5;8,8;2,8;3,5;10,2;3,9;0,3;7,8
Garruchos;4308656;-28,1944;-55,6383;10,2;7,7;3,4;8,1;9,2;2,3;6,5;1,7;14,8
Gaurama;4308706;-27,58559999999;-52,0915;6,4;6,7;7;7;16,1;9,3;7,7;0,7;17,1
General Câmara;4308805;-29,90319999999;-51,7612;19,4;17,1;22,7;17,5;17,3;15,4;22,6;1,1;21,9
Gentil;4308854;-28,4316;-52,0337;0;9,2;12,9;6,9;10,9;3,7;0;0,5;0
Getúlio Vargas;4308904;-27,8911;-52,22939999999;4,5;6,4;9,8;5,9;0,2;2,7;1;0,3;2,8
Giruá;4309001;-28,02969999999;-54,3517;17,8;1,5;8,6;12,5;7,1;7;10,2;0,8;15,8
Glorinha;4309050;-29,87979999999;-50,7734;11,8;12;10,4;15,1;11,3;9,9;6,3;0,4;18,2
Gramado;4309100;-29,3733;-50,87619999999;11,2;11,3;4,6;10,9;2,5;10,3;7,1;0,5;3,7
Gramado dos Loureiros;4309126;-27,4429;-52,9149;7,5;7,8;2,3;13,2;2,7;9,8;8,1;1,7;18,9
Gramado Xavier;4309159;-29,2706;-52,5795;6;6,2;11,6;6,8;7,5;8,6;10,7;1,8;13,1
Gravataí;4309209;-29,94129999999;-50,98689999999;11,9;1,9;10,2;10,4;10,2;8,3;7,8;1,2;9
Guabiju;4309258;-28,5421;-51,6948;3,2;1,8;1,8;1,7;0;0;3,6;0,9;8,1
Guaíba;4309308;-30,10859999999;-51,3233;10,8;12,1;13,1;10,3;9,1;6,4;5,6;0,7;3,7
Guaporé;4309407;-28,8399;-51,88949999999;2,9;3,7;2;4,9;2,7;2,2;7,7;0,3;4,3
Guarani das Missões;4309506;-28,1491;-54,56289999999;7,5;4,9;4,6;4,7;4,2;3,7;3,2;0,1;5,8
Harmonia;4309555;-29,5456;-51,4185;10,3;9,8;9,6;5,9;3,6;4,4;3,3;0,3;1,9
Herval;4307104;-32,024;-53,39439999999;27,2;3;27,6;10;22,1;7,2;7,6;2,1;4,6
Herveiras;4309571;-29,4552;-52,65529999999;18,3;18;15;10,7;13,6;16;20,4;1,5;9
Horizontina;4309605;-27,6282;-54,3053;6,6;4;6,3;2,3;5,8;4;2,3;0,3;3,1
Hulha Negra;4309654;-31,4067;-53,8667;20,4;21,1;23,1;26,5;20,7;15,7;15,3;0,1;18,6
Humaitá;4309704;-27,56909999999;-53,96949999999;14,3;11,6;5,2;3,7;1,8;8,1;3,4;0,2;6,5
Ibarama;4309753;-29,4203;-53,1295;11,5;4,7;6,7;15,2;14,4;4,2;10,6;1,7;5,3
Ibiaçá;4309803;-28,0566;-51,8599;4,5;4,9;9,5;5;17;17,7;8,9;0,4;5,6
Ibiraiaras;4309902;-28,37409999999;-51,6377;3;4,3;5,4;0,5;0;1,6;1,8;0,9;7,7
Ibirapuitã;4309951;-28,6247;-52,51579999999;5,7;5,3;4,9;1,7;3,3;0;0;0,2;0,8
Ibirubá;4310009;-28,63019999999;-53,0961;13,7;7,9;5,1;7,8;3,9;4;3,8;0,4;3
Igrejinha;4310108;-29,56929999999;-50,79189999999;16,2;16,9;16;14,1;13,2;14,4;12,7;0,5;14,5
Ijuí;4310207;-28,3881;-53,92;13,3;11;12,3;7,2;6,3;5,4;5,1;0,6;6,4
Ilópolis;4310306;-28,9282;-52,12579999999;8,9;1,1;16;7,8;9;4,3;0;0;3,5
Imbé;4310330;-29,9753;-50,1281;11,4;7,4;11,4;18,1;4,5;11,7;5,9;0,7;1,7
Imigrante;4310363;-29,3508;-51,7747;6,3;3,1;7,1;3,9;1,4;9,7;7,7;0,6;6,8
Independência;4310405;-27,8354;-54,1886;6,1;1,4;6,8;5,2;3,4;6,2;2,2;1,2;1,3
Inhacorá;4310413;-27,8752;-54,015;24,4;11,3;11,5;5,5;3,6;9,4;5,1;4;19,5
Ipê;4310439;-28,8171;-51,28589999999;10,7;6,7;4,2;5,6;9,6;6,3;3,3;0,7;3,8
Ipiranga do Sul;4310462;-27,9404;-52,4271;2,7;2,8;1,9;3,3;0;1,5;1,9;0,6;0
Iraí;4310504;-27,1951;-53,2543;5,3;14,2;12,7;13,8;12,6;11,2;5,6;1,2;8,8
Itaara;4310538;-29,60129999999;-53,7725;7,4;11;18,2;5;18,2;15,3;5,5;1,1;10,1
Itacurubi;4310553;-28,7913;-55,2447;5,7;5,1;11,4;20,2;5,2;0,9;1,7;0,2;12,2
Itapuca;4310579;-28,7768;-52,1693;16,7;17,5;11,8;6;4,1;12;9,9;2,4;2,8
Itaqui;4310603;-29,131;-56,55149999999;6,1;5,4;3,8;4,2;6,1;4,5;3,3;0,6;0,9
Itati;4310652;-29,48832;-50,11357999999;3,9;1;-;5;8,2;0;1,4;4,1;12,2
Itatiba do Sul;4310702;-27,38459999999;-52,4538;7;6,1;9,6;-;1,6;6,5;0;0;1
Ivorá;4310751;-29,52319999999;-53,5842;4;2,6;1,1;6,5;5,3;2,7;0;1;5,7
Ivoti;4310801;-29,59949999999;-51,1533;6,6;8,9;4,5;2,8;1,8;2,4;2,4;0,7;5,1
Jaboticaba;4310850;-27,63469999999;-53,2762;12;5,2;5,2;4;10;6,2;11,7;0,4;6
Jacuizinho;4310876;-29,02199999999;-53,05369999999;12,3;21,1;11,3;18,7;0;1,9;0;2,1;3,4
Jacutinga;4310900;-27,72909999999;-52,53719999999;4,7;5,5;5,5;3,3;6,3;3,9;3,7;0,2;3,9
Jaguarão;4311007;-32,5604;-53,377;10,8;11,8;10,1;9,5;7,2;6,4;3,8;0,6;12,3
Jaguari;4311106;-29,4936;-54,703;3,9;2,9;0,6;3,9;4;3,2;4,4;0,4;9,1
Jaquirana;4311122;-28,8811;-50,3637;9,1;13,1;15,5;10;10,9;11,2;12,1;3,2;17,2
Jari;4311130;-29,2922;-54,2237;8,9;12,8;2;-;1,6;9,8;0;0;0
Jóia;4311155;-28,6435;-54,1141;9,5;13,3;10,1;4,6;9,1;5,6;8,1;1,2;9,5
Júlio de Castilhos;4311205;-29,2298;-53,67719999999;9,4;8,4;9,4;5,3;3,8;4,5;5,8;1,4;5,3
Lagoa Bonita do Sul;4311239;-29,48819999999;-53,0138;4;12;9,1;3,1;6,3;5,9;6;0,9;6,4
Lagoa dos Três Cantos;4311270;-28,56759999999;-52,8618;0;2,4;3;3,2;8,3;2;7,5;0;3
Lagoa Vermelha;4311304;-28,20929999999;-51,52479999999;5,9;6,1;10,9;6,2;3,8;3,2;4,2;0,7;3,1
Lagoão;4311254;-29,2348;-52,7997;13,9;7,8;9,7;12,9;12,4;1,4;1,9;1,2;8,3
Lajeado;4311403;-29,45909999999;-51,96439999999;14,4;13;8,6;11,5;4,1;7,3;5,3;0,8;6,1
Lajeado do Bugre;4311429;-27,69129999999;-53,1818;22,6;11,4;5,8;13,6;9,8;7,1;5,9;0,4;25
Lavras do Sul;4311502;-30,80709999999;-53,89309999999;16,4;23,9;17;10,8;15;13,1;18,4;1,2;16
Liberato Salzano;4311601;-27,60099999999;-53,07529999999;7,8;9,9;7,6;7,1;5,7;4,5;2,9;0,9;5,7
Lindolfo Collor;4311627;-29,58589999999;-51,2141;11,9;15,7;16,1;13,3;4,8;7,4;7,7;0;5,9
Linha Nova;4311643;-29,4679;-51,20029999999;0;9,6;1,9;-;0;5;0;1,1;0
Maçambará;4311718;-29,1445;-56,06739999999;18,9;17,3;22,1;13;3,9;0,4;3,5;1,3;5,7
Machadinho;4311700;-27,5667;-51,6668;5,6;7,6;7,2;8,2;6,6;6,3;8,4;0,4;14,5
Mampituba;4311734;-29,2136;-49,9311;11,7;4,2;3;1,8;1,2;4,6;1,7;1,2;6
Manoel Viana;4311759;-29,58589999999;-55,48409999999;13,1;1,2;12;15,8;10,3;12,6;18;1;22,9
Maquiné;4311775;-29,6798;-50,2079;24,5;5,9;7,4;7,2;2,4;5,5;7,5;0,9;16,4
Maratá;4311791;-29,5457;-51,55729999999;2;1,8;3,1;1,1;0;3,7;8,9;0,8;5,4
Marau;4311809;-28,4498;-52,19859999999;3,8;9,4;4,3;6,5;2,8;5,5;4,9;0,5;5,9
Marcelino Ramos;4311908;-27,4676;-51,9095;8,4;4,1;4,8;7,4;6,3;9,6;12,1;0,8;12,6
Mariana Pimentel;4311981;-30,3531;-51,5803;9;2,7;3,4;12,5;6,4;8,4;11,1;2,4;6,6
Mariano Moro;4312005;-27,3568;-52,1467;3,4;1,1;9,2;-;1,3;1,3;1,7;0,3;0
Marques de Souza;4312054;-29,33109999999;-52,09729999999;7,3;7,1;10,4;5,2;10,3;8,3;6,2;0,5;13,1
Mata;4312104;-29,5649;-54,4641;4,4;7,5;8,2;6,6;7,5;6,3;10,7;0,9;12
Mato Castelhano;4312138;-28,28;-52,19319999999;4,3;2,6;8,4;2,1;3,6;8;4,3;1,3;12
Mato Leitão;4312153;-29,5285;-52,1278;1,5;5,6;2,2;5,8;3,1;7,2;8,5;0,4;12,2
Mato Queimado;4312179;-28,2475;-54,61919999999;1,6;-;6,9;3,6;2;0;4,1;0;8,9
Maximiliano de Almeida;4312203;-27,6325;-51,8021;6,9;19,9;5,8;9,5;8,9;8,4;4,7;1,1;7,9
Minas do Leão;4312252;-30,13459999999;-52,04229999999;0;0,9;-;-;0;0;0;0,7;0
Miraguaí;4312302;-27,497;-53,6891;18,5;18,7;21,9;14,7;8,2;10,9;13,6;0,7;16,9
Montauri;4312351;-28,6462;-52,0767;4,6;5,4;1,3;-;6;4,6;0;0;4,3
Monte Alegre dos Campos;4312377;-28,68049999999;-50,7834;5,3;3,6;6,3;5,3;4;3,6;3,8;2,1;4
Monte Belo do Sul;4312385;-29,16069999999;-51,63329999999;2,5;2,7;3,8;5,4;0;0;1,7;0;1,9
Montenegro;4312401;-29,6824;-51,4679;15;17,6;11,5;10,9;5,6;6,6;4,3;0,5;2,6
Mormaço;4312427;-28,6968;-52,6999;9,6;1,8;5,5;5,3;7,3;0,8;2,7;0;15,5
Morrinhos do Sul;4312443;-29,3578;-49,9328;0,7;2,4;-;3,6;0,9;0;2,6;0,6;4,5
Morro Redondo;4312450;-31,58869999999;-52,6261;9,2;1,6;5,4;14,8;9,5;16,1;11,5;0,9;16
Morro Reuter;4312476;-29,5379;-51,08109999999;9,5;16,2;8,7;9,3;0;2;4,9;0;3,3
Mostardas;4312500;-31,10539999999;-50,91669999999;5,6;5,2;10,6;5,3;7,3;5,4;2,6;3,4;10,5
Muçum;4312609;-29,163;-51,8714;7,2;7,7;8,7;9,9;5,5;7,9;6,4;1,3;15,8
Muitos Capões;4312617;-28,31319999999;-51,18359999999;10,5;9,3;3,6;4,8;3,4;8,7;5,8;0,6;11
Muliterno;4312625;-28,32529999999;-51,7697;4,4;2,8;9,4;8,2;9,3;13,8;6,2;1,4;14,7
Não-Me-Toque;4312658;-28,45479999999;-52,81819999999;20,8;14,6;20,7;16,2;8;7,2;7,6;0,4;3,4
Nicolau Vergueiro;4312674;-28,5298;-52,46759999999;5,2;3,9;-;1,8;2,8;0;5,5;1,2;3,1
Nonoai;4312708;-27,3689;-52,77559999999;12,8;12,1;7,5;6,3;13;1,2;12,3;0,8;8,5
Nova Alvorada;4312757;-28,6822;-52,1631;10,8;1,9;5,6;12,6;4,1;3,6;9,2;0,2;8,6
Nova Araçá;4312807;-28,6537;-51,7458;4,4;3,2;9,1;2;2,6;2,3;6;1,4;3,3
Nova Bassano;4312906;-28,72909999999;-51,7072;8;8,9;11,4;9,6;4,4;4;4,9;0;2,4
Nova Boa Vista;4312955;-27,99259999999;-52,9784;3,7;0,9;3,3;2,9;0;0,9;1;1,3;1,1
Nova Bréscia;4313003;-29,2182;-52,0319;1,3;4,4;1,6;1,8;2,8;0;0;1;0
Nova Candelária;4313011;-27,6137;-54,10739999999;8,2;6,7;8,7;10,7;6,2;1,8;0;0,8;7,7
Nova Esperança do Sul;4313037;-29,4066;-54,8293;7,7;8,1;11,5;3,1;3,9;1,5;1,5;1,1;10,7
Nova Hartz;4313060;-29,5807;-50,90509999999;14,2;12;7,6;10,9;11,4;11,6;6,2;2,1;7,5
Nova Pádua;4313086;-29,0275;-51,3098;0;-;-;-;0;1,4;0;0,5;0
Nova Palma;4313102;-29,471;-53,46889999999;0,6;2,3;1,3;1,3;1,5;1,5;3,1;2,4;1,1
Nova Petrópolis;4313201;-29,37409999999;-51,1135;5,8;5,8;7,7;9;9,2;3,7;6,5;0,5;5,5
Nova Prata;4313300;-28,7799;-51,6113;12;12,3;13,3;13,3;8,2;6,8;5,9;0;9,7
Nova Ramada;4313334;-28,0667;-53,69919999999;0;2,9;1,7;2;6,9;1,9;6,2;0;7,7
Nova Roma do Sul;4313359;-28,98819999999;-51,4095;8,4;5,3;2,5;1,6;2,1;2,4;2,1;0,8;3,3
Nova Santa Rita;4313375;-29,85249999999;-51,2837;9,5;13,6;3;9,3;16,2;7;6,7;1,2;7,3
Novo Barreiro;4313490;-27,90769999999;-53,1103;17,4;23,8;14,5;14,9;12,4;4,9;9,1;1,6;8,5
Novo Cabrais;4313391;-29,73379999999;-52,9489;5,7;1,3;5,1;7,3;8,9;12,4;8,9;2,5;25
Novo Hamburgo;4313409;-29,6876;-51,1328;9,1;1,1;9,5;7,1;6,7;5,4;5,5;1,1;4,7
Novo Machado;4313425;-27,57649999999;-54,50359999999;5,3;3;6,6;5,8;3,3;5,3;2,3;0,4;7,3
Novo Tiradentes;4313441;-27,5649;-53,1837;3,7;4,6;14,7;7,4;5,4;10,2;18;0,8;4,7
Novo Xingu;4313466;-27,74309999999;-53,06159999999;0;1,4;3;-;0;4,8;5,5;0;0
Osório;4313508;-29,8881;-50,2667;8,1;8,7;6,8;7,9;7,4;4,4;6,3;0,6;2,5
Paim Filho;4313607;-27,7075;-51,76299999999;5,3;5,8;3,9;3,7;2,5;6;0,8;0,5;2,9
Palmares do Sul;4313656;-30,25349999999;-50,5103;7,6;13;3,6;1,2;0,7;14,4;16,4;1,7;0
Palmeira das Missões;4313706;-27,9006;-53,3134;8,9;7,8;8,8;8,6;5,5;4;5,3;0,3;3,1
Palmitinho;4313805;-27,3596;-53,558;14,1;8,9;5,3;5,9;5,9;2,2;0,9;0;8,8
Panambi;4313904;-28,2833;-53,50229999999;11,7;7,8;7;5,4;4,6;5,5;4,7;0,3;5,8
Pantano Grande;4313953;-30,1901;-52,3729;13,3;1,3;12,2;15,6;10,1;4,1;4,2;1,1;7,4
Paraí;4314001;-28,59639999999;-51,7896;3,1;3;4,5;3,1;0,7;0,4;4,1;0,7;2,5
Paraíso do Sul;4314027;-29,6717;-53,14399999999;22,2;2,8;12,6;11,4;3,9;1,5;2,8;0,4;5,8
Pareci Novo;4314035;-29,6365;-51,39739999999;1,9;21,6;9,5;2;5,7;4,3;7,4;1,8;9,8
Parobé;4314050;-29,6243;-50,8312;18,8;18,6;18,9;14,8;8,7;8,7;2,8;1;9,3
Passa Sete;4314068;-29,45769999999;-52,95989999999;11,6;7,6;4,4;7,2;6,5;7,6;4,4;1,1;5,2
Passo do Sobrado;4314076;-29,748;-52,27479999999;20,9;17,5;15,4;14;18,9;11,2;11,1;0;14
Passo Fundo;4314100;-28,2576;-52,4091;8;1,7;12,3;7,1;7,1;5,8;7,1;1,7;5
Paulo Bento;4314134;-27,6978;-52,42609999999;1,6;4,6;7,1;-;1,8;2,2;15,7;0,5;15,3
Paverama;4314159;-29,5485;-51,73389999999;8,2;5,8;8,9;5,7;1,6;3,2;5,4;1,6;6,5
Pedras Altas;4314175;-31,72169999999;-53,58379999999;16,6;5,9;33,9;30,6;29,9;30;23,7;0;23
Pedro Osório;4314209;-31,8642;-52,81839999999;4,9;7,2;4,7;-;6;1,8;8,2;0,2;0
Pejuçara;4314308;-28,4283;-53,65789999999;18,2;11,4;11,5;1,5;3,6;5,2;6,7;0,2;10,6
Pelotas;4314407;-31,7649;-52,3371;14,1;12,6;11,5;8;12,4;6,7;6,3;1,4;5,4
Picada Café;4314423;-29,4464;-51,13669999999;3,6;5,9;1;1,3;1,8;2,1;4,9;0,2;8,3
Pinhal;4314456;-27,50799999999;-53,20819999999;8,3;8;8,3;4,5;6;10,6;6,1;0,4;9,5
Pinhal da Serra;4314464;-27,86339999999;-51,1702;9;4,9;4,3;5,6;0;2;2,1;0;0
Pinhal Grande;4314472;-29,34499999999;-53,3207;5,2;7,2;0,5;3,9;5,3;8,1;3,9;0,5;11
Pinheirinho do Vale;4314498;-27,21089999999;-53,60799999999;8,2;1,8;1,3;0,8;2,2;0;0;0,2;3,4
Pinheiro Machado;4314506;-31,5794;-53,3798;27,8;17;15,1;3;16,2;4,5;8,6;1,1;4,3
Pinto Bandeira;4314548;-29;-54;-;-;-;1,5;6,1;2;6,7;0;3,3
Pirapó;4314555;-28,0439;-55,20009999999;11,6;11,8;4,3;5,1;4,4;5;2,5;1,5;5,3
Piratini;4314605;-31,44729999999;-53,09729999999;16,1;3,5;10,9;6,9;6,4;6,3;6,6;0,7;6,8
Planalto;4314704;-27,32969999999;-53,0575;14,3;11,8;15,6;8,2;12,6;6,8;8,9;1,3;13,1
Poço das Antas;4314753;-29,4481;-51,6719;7,3;5,4;8,1;14;2,5;2,6;5,7;0;7,2
Pontão;4314779;-28,05849999999;-52,67909999999;12,7;9,7;16,8;15,3;16,2;4,8;5,9;1,1;0
Ponte Preta;4314787;-27,6587;-52,4848;5,4;6,7;2;7;2,5;0;2,9;0;0
Portão;4314803;-29,70149999999;-51,24289999999;7,5;6,1;7,5;8,6;1,4;4,7;2,7;1,3;3,3
Porto Alegre;4314902;-30,032778;-51,23;10,5;9,2;10,5;9,8;6,9;5,8;6,5;0,5;5,3
Porto Lucena;4315008;-27,8569;-55,00999999999;10,8;1,9;10,1;5,1;8;6,2;10,3;2;7,3
Porto Mauá;4315057;-27,57959999999;-54,6657;0;-;-;-;0;0;2,7;1,1;0
Porto Vera Cruz;4315073;-27,7405;-54,8994;7,4;2,1;1,3;1,4;3,4;0;0;0,7;0
Porto Xavier;4315107;-27,9082;-55,1379;10,6;6,7;5,1;5,1;3,5;2,6;5,8;0,5;6,2
Pouso Novo;4315131;-29,1738;-52,2136;7,2;5,1;8;6;5;0;2,9;2;0
Presidente Lucena;4315149;-29,5176;-51,1798;6;9,8;6,2;6,3;1,9;10,3;7,5;0,6;3,5
Progresso;4315156;-29,24419999999;-52,31969999999;12,1;16,2;8,7;6,3;7,4;6,3;5,4;0,6;11
Protásio Alves;4315172;-28,7572;-51,4757;1,3;-;4,9;-;1,8;0;0;0,6;3,1
Putinga;4315206;-29,0045;-52,1569;6,4;8,2;8;8,4;8,3;8;8,7;0,5;3,6
Quaraí;4315305;-30,384;-56,4483;19,1;17,4;19;19,2;13,7;13,6;14,4;0,4;12,9
Quatro Irmãos;4315313;-27,81629999999;-52,44189999999;4,2;17,6;10,9;18,1;12,5;13,2;10,7;0;17,7
Quevedos;4315321;-29,3504;-54,07889999999;1,1;3,3;5,6;1,9;0;4,7;2,3;0,9;4,9
Quinze de Novembro;4315354;-28,7465;-53,1011;13,2;-;4,1;4,2;5,2;9,7;7,4;0,2;3,4
Redentora;4315404;-27,664;-53,6407;18,9;17,4;13,9;13;15,8;9,9;10,5;3,2;3,2
Relvado;4315453;-29,11639999999;-52,0778;4,3;2;3,4;1,5;1,3;0;4,1;0,4;4
Restinga Sêca;4315503;-29,8188;-53,38069999999;17,5;1,3;7,3;10,7;6,2;4,7;1,1;1,5;10,1
Rio dos Índios;4315552;-27,2973;-52,8417;12,4;1,5;2,4;9,7;4,2;4,6;7,1;0,7;5
Rio Grande;4315602;-32,0349;-52,1071;12,6;1,1;11,5;10,8;10,7;10;3,9;1,7;7,8
Rio Pardo;4315701;-29,988;-52,37109999999;10,7;11,3;9,7;7,6;6,9;6,4;4,2;2,1;7,8
Riozinho;4315750;-29,63899999999;-50,44879999999;3,5;5,5;4,9;9,2;9,2;4,5;0,7;0,4;11,2
Roca Sales;4315800;-29,28839999999;-51,8658;11,9;15,5;12,5;12;12,8;12,9;12,3;0,6;7,2
Rodeio Bonito;4315909;-27,4742;-53,1706;16,1;7,1;0,4;3,9;3,3;5,8;2,7;0,2;4,4
Rolador;4315958;-28,25767;-54,81864;2;4;3,2;5,2;6,4;4,4;4;0,4;11,6
Rolante;4316006;-29,6462;-50,58189999999;14,7;11,6;6,7;8,7;7,3;15;18,7;0,1;12,9
Ronda Alta;4316105;-27,7758;-52,80559999999;10,2;6;5,1;9,5;2,8;6;6,2;0,6;8,3
Rondinha;4316204;-27,83149999999;-52,90809999999;2,1;2,8;5,8;4,1;1,2;4;2,3;0,7;5
Roque Gonzales;4316303;-28,1297;-55,0266;13,5;6,1;8,5;9,7;1,5;2,4;1,7;0,6;1,8
Rosário do Sul;4316402;-30,2515;-54,9221;14;15,1;14,8;8,2;10;3,5;6,4;0,8;2,5
Sagrada Família;4316428;-27,7085;-53,1351;20,3;1,7;9,7;5,8;0,9;0;0;1,3;0
Saldanha Marinho;4316436;-28,3941;-53,097;3,6;11,2;15,8;4,5;11,8;12,5;15,4;0;8
Salto do Jacuí;4316451;-29,09509999999;-53,21329999999;11,1;13,8;11,1;7,6;11,2;4,8;6,2;1,8;3,7
Salvador das Missões;4316477;-28,1233;-54,83729999999;0;1,1;1,1;1,2;2,1;0;1,5;1,2;15,2
Salvador do Sul;4316501;-29,4386;-51,5077;5,9;7,3;7,2;3,5;8,3;5,4;7,8;0,8;6,2
Sananduva;4316600;-27,94699999999;-51,80789999999;7,4;5,9;2,8;4,9;4,4;4,5;6;0,1;6,4
Santa Bárbara do Sul;4316709;-28,3653;-53,25099999999;11,2;13,4;-;10,3;3,1;11,7;6,1;0,1;12,4
Santa Cecília do Sul;4316733;-28,1537;-51,9296;1,4;1,6;4,4;2,4;2;7,7;5,9;0;8,9
Santa Clara do Sul;4316758;-29,47469999999;-52,08429999999;9,3;8,9;7,3;6,9;9,3;3,8;7,8;0,7;6,6
Santa Cruz do Sul;4316808;-29,722;-52,4343;11,5;12;7,2;7,1;5,2;3,4;5,8;0,8;3,7
Santa Margarida do Sul;4316972;-30,32959999999;-54,08229999999;2,8;-;3,6;13,2;9,4;2,5;5,6;5;0
Santa Maria;4316907;-29,6868;-53,81499999999;9,8;8,6;4,8;6,4;4,7;3,2;3,8;0,3;7,6
Santa Maria do Herval;4316956;-29,4902;-50,9919;6,8;2,9;3,3;6,6;7,5;1,7;10,4;0,2;1,3
Santa Rosa;4317202;-27,8702;-54,47959999999;10,9;7,9;5,4;5;2,2;3,5;3,6;0,6;4,8
Santa Tereza;4317251;-29,1655;-51,7351;0;5,9;1,9;6,4;0;4,7;2,8;0;2,7
Santa Vitória do Palmar;4317301;-33,52499999999;-53,37169999999;12;11,2;10,7;11,7;13,4;12,1;10,9;1,3;6,6
Santana da Boa Vista;4317004;-30,8697;-53,10999999999;9,7;12,2;16,7;6;12,8;19,4;7,1;0,7;4,2
Santana do Livramento;4317103;-30,88769999999;-55,5315;8,3;8,9;5,6;4,3;9;7,4;2,5;0,8;1,4
Santiago;4317400;-29,18969999999;-54,86659999999;9,7;6,1;8;5,6;4;3;3,5;0,4;2,3
Santo Ângelo;4317509;-28,3001;-54,2668;5,1;6,5;8,1;4,4;4,4;2,3;2,9;1,2;5,8
Santo Antônio da Patrulha;4317608;-29,82679999999;-50,51749999999;7,6;7,2;4,4;4,5;5,3;2,8;4,3;0,8;5,6
Santo Antônio das Missões;4317707;-28,51399999999;-55,22509999999;15,5;22,7;21,2;13,1;3,5;5,7;14,8;0,7;12,8
Santo Antônio do Palma;4317558;-28,4956;-52,02669999999;0;2,9;21,5;4,3;5,3;3,6;0;0,5;1,9
Santo Antônio do Planalto;4317756;-28,40309999999;-52,69919999999;4,4;7,3;3,2;9,7;0;3;0;0;1,9
Santo Augusto;4317806;-27,85259999999;-53,7776;8,4;9,2;8,1;9,2;8,1;8;4,1;0,6;3,2
Santo Cristo;4317905;-27,8263;-54,66199999999;5,1;2,5;4,4;5,9;5,2;7;7;0,2;5,3
Santo Expedito do Sul;4317954;-27,90739999999;-51,6433;1,5;2,4;-;-;0;0;0;0,4;1,6
São Borja;4318002;-28,6578;-56,00359999999;9,4;1,2;7,6;5,6;4,4;5,3;2,8;0,8;3,3
São Domingos do Sul;4318051;-28,53119999999;-51,886;6,5;3,1;9;4,9;2,8;1;0;0;3
São Francisco de Assis;4318101;-29,5547;-55,1253;5,2;4,8;3,2;6,4;2,9;3,9;4,3;0,5;1,4
São Francisco de Paula;4318200;-29,4404;-50,58279999999;11,1;1,1;6,8;3,9;11,9;3,5;6,1;1,3;2,4
São Gabriel;4318309;-30,3337;-54,3217;9,9;7,7;8,5;10,1;11,7;11,4;7,4;1,5;6,7
São Jerônimo;4318408;-29,97159999999;-51,72509999999;10,7;3,1;7,7;9,3;5,7;3,4;8,9;0,8;10,4
São João da Urtiga;4318424;-27,8195;-51,82569999999;3,9;4,2;3,5;1,8;6,5;8,4;4,2;0,5;6,7
São João do Polêsine;4318432;-29,61939999999;-53,44389999999;1,1;2,1;-;1,2;4;0;0;0,5;2,7
São Jorge;4318440;-28,4984;-51,7064;4,5;2,6;1,5;3,2;1,1;0;10,6;0;6,4
São José das Missões;4318457;-27,7789;-53,12259999999;9,2;7;10,5;-;1;6,9;5,6;0;3,6
São José do Herval;4318465;-29,052;-52,295;7,1;4,7;8,5;5,2;0;6,2;13,1;0,4;8
São José do Hortêncio;4318481;-29,52799999999;-51,245;11,8;7,6;8,8;5,4;10,4;5,1;6,3;0,7;9,1
São José do Inhacorá;4318499;-27,7251;-54,12749999999;0;2,3;-;1,1;2,3;0;0;0;2,8
São José do Norte;4318507;-32,01509999999;-52,03309999999;23,9;22,3;15,9;5,4;7,6;2;2,4;2,9;2,2
São José do Ouro;4318606;-27,7707;-51,5966;5;4,8;6,3;6,1;4,7;4;0,6;1,1;0
São José do Sul;4318614;-29,529;-51,48709999999;4,8;2,7;2,5;1,3;0;6,8;8,2;0,8;0
São José dos Ausentes;4318622;-28,74759999999;-50,0677;1,7;3,1;3,5;8;9,3;2,6;1,7;2,2;6,8
São Leopoldo;4318705;-29,7545;-51,14979999999;12,2;1,8;11,7;8,5;8,5;6,4;5,5;0,8;7,5
São Lourenço do Sul;4318804;-31,3564;-51,97149999999;14,7;1,8;14,5;11,8;13,2;6,9;17,5;0,3;6,8
São Luiz Gonzaga;4318903;-28,41199999999;-54,9559;9,5;7,9;7,5;5,1;6,2;5,3;3;0,4;9,2
São Marcos;4319000;-28,9677;-51,0696;9;1,4;3,4;7,8;4,9;3,8;1,5;0,4;2,4
São Martinho;4319109;-27,7112;-53,9699;4,3;14,3;14,2;8,1;10;17,3;21;1,6;8,5
São Martinho da Serra;4319125;-29,5397;-53,859;5,8;2,1;5;4,1;2,4;0;3,7;2,4;0
São Miguel das Missões;4319158;-28,556;-54,5559;19,2;12,4;1,1;11,3;12,8;5,4;1,1;1,3;14,7
São Nicolau;4319208;-28,18339999999;-55,2654;19;1,8;14,9;11,4;4,6;8,2;1,4;2,4;6,5
São Paulo das Missões;4319307;-28,0195;-54,94039999999;2,3;1,6;0,5;1;3,7;3,8;5,3;0;5,1
São Pedro da Serra;4319356;-29,4193;-51,51339999999;-;-;-;-;-;-;-;0,3;-
São Pedro das Missões;4319364;-27,77321999999;-53,25047;14,9;2,5;17;22,5;8;9,8;16;0;51
São Pedro do Butiá;4319372;-28,1243;-54,8926;3,4;1,9;7,2;2;2,1;1,1;7,5;0,7;9,8
São Pedro do Sul;4319406;-29,6202;-54,18549999999;9,5;15,4;23,6;11,2;10,5;8,3;10;0,1;11,4
São Sebastião do Caí;4319505;-29,5885;-51,37489999999;10,6;14,3;10,5;9,8;10,2;10,1;7,3;1,4;8,5
São Sepé;4319604;-30,1643;-53,56029999999;14,8;5,5;13,2;5,9;3,2;3,3;3,8;0,8;6,1
São Valentim;4319703;-27,55829999999;-52,52369999999;0;6,7;2,3;12,3;1,5;0,9;0;0,2;2,8
São Valentim do Sul;4319711;-29,0451;-51,7684;7,1;5,4;8,3;5,2;5,7;8,2;2;0,5;0
São Valério do Sul;4319737;-27,7906;-53,93679999999;17,6;26,4;24,6;18,5;24;16,7;14,8;12,9;23,8
São Vendelino;4319752;-29,3729;-51,3675;10,3;8,4;2,9;9;3,6;5,3;5,2;0,4;1,8
São Vicente do Sul;4319802;-29,68819999999;-54,6826;7,1;7,1;4,7;5,8;7,9;1,2;6,4;0,5;3,2
Sapiranga;4319901;-29,63489999999;-51,0065;12,9;8;16,9;6,7;5,3;5,8;4,2;0,6;3,6
Sapucaia do Sul;4320008;-29,8276;-51,145;9,1;1,4;7,4;7,3;8,6;5;4,3;1,3;6,5
Sarandi;4320107;-27,942;-52,92309999999;13,1;6,4;8,2;6,6;5,6;3,4;2,3;0,5;9,3
Seberi;4320206;-27,4829;-53,4026;18,4;14,3;15,2;8,6;10,2;0,2;0,3;1,8;5
Sede Nova;4320230;-27,6367;-53,9493;9,1;6,9;3,8;2,7;2,4;6,3;1,3;2,1;12,1
Segredo;4320263;-29,3523;-52,9767;8,6;7,4;9,7;8;0,9;6,5;9,3;1,2;6
Selbach;4320305;-28,6294;-52,9498;4,4;8,1;1,4;1,7;1,6;3,8;3,2;0,4;8
Senador Salgado Filho;4320321;-28,025;-54,55069999999;12,6;8;5,1;3,7;2,9;8,3;6,4;1,5;8,3
Sentinela do Sul;4320354;-30,6107;-51,58619999999;1,5;5,8;1,5;1;1,7;3,2;9,1;0,3;7,2
Serafina Corrêa;4320404;-28,71259999999;-51,93529999999;6,8;11,1;4,7;9,5;2,8;5;4,2;0,1;3,5
Sério;4320453;-29,3904;-52,2685;7,7;4,6;-;4;9,9;9,3;3,8;0,9;4,3
Sertão;4320503;-27,9798;-52,2588;1,4;4,9;1,8;2,1;2,6;1,5;2,2;1,1;3
Sertão Santana;4320552;-30,45619999999;-51,6017;9,8;12,1;5,4;11,7;10,4;8,3;5,1;0,6;5,8
Sete de Setembro;4320578;-28,13619999999;-54,4637;2,3;1,3;1,1;5,2;1,4;3,4;0;0,8;6,2
Severiano de Almeida;4320602;-27,43619999999;-52,12169999999;1,2;4;3,6;2,8;6,5;3,5;0;0,3;0
Silveira Martins;4320651;-29,64669999999;-53,591;5,5;3,3;7,9;1;0;0;0;2;0
Sinimbu;4320677;-29,53569999999;-52,5305;4,8;3,9;6,4;1,9;3,1;2,8;3,3;0,7;5,8
Sobradinho;4320701;-29,4194;-53,0326;16,6;17,1;16,9;12,7;12;14,8;10,8;1,5;6,4
Soledade;4320800;-28,8306;-52,5131;15,7;8,9;17,1;6,9;3,9;7;3,7;1,5;4,5
Tabaí;4320859;-29,643;-51,68229999999;3;11,3;11,2;1,5;4,1;9,5;9,1;0,6;7,8
Tapejara;4320909;-28,0652;-52,0097;10;22,7;10,6;5,9;8,1;7,2;4,1;0,1;8,8
Tapera;4321006;-28,6277;-52,86119999999;5,3;5,5;4,2;6,4;3,5;4,1;3,9;1,5;6,3
Tapes;4321105;-30,66829999999;-51,39909999999;23,7;15,8;26,2;3;1,6;1,5;10,6;6,5;0,3
Taquara;4321204;-29,6505;-50,7753;11,5;14,1;13;9,4;9,7;11,2;5,7;1,2;6,2
Taquari;4321303;-29,7943;-51,86529999999;15,2;1,7;12,3;11,3;7;7,3;5,3;1,1;3,5
Taquaruçu do Sul;4321329;-27,4004;-53,4703;17,7;16,1;14;19,4;8,4;7,3;13,7;0,9;5,5
Tavares;4321352;-31,2843;-51,088;13,4;7,9;4;5,7;1,1;2,1;8,9;1,3;0
Tenente Portela;4321402;-27,37109999999;-53,75849999999;13,6;1,2;10,7;7;3,4;4,5;2,6;1,5;0,7
Terra de Areia;4321436;-29,57819999999;-50,06439999999;5,6;8,1;4,9;15,9;9,9;4,8;13;0,2;10,6
Teutônia;4321451;-29,4482;-51,8044;9,7;1,1;9,6;7,5;6,8;7,9;4,8;0,2;3,2
Tio Hugo;4321469;-28,57404;-52,5949;11,2;8,9;2;4,6;6;11,8;9,1;0,3;6
Tiradentes do Sul;4321477;-27,4022;-54,0814;2,5;3,2;3,6;5,8;5,8;6,1;2,8;1,5;15,8
Toropi;4321493;-29,4782;-54,2244;11;8,6;0,9;2,5;0;0,9;4,5;0;0
Torres;4321501;-29,3334;-49,7333;5,9;8,1;8,9;7,8;5,1;3,3;8;0,7;3,5
Tramandaí;4321600;-29,9841;-50,13219999999;17,1;16,6;17,1;16,8;10,9;13,9;12;1,3;9,2
Travesseiro;4321626;-29,29769999999;-52,05319999999;2,9;1,4;4,5;3,8;5,2;6,5;0;0;1,6
Três Arroios;4321634;-27,50029999999;-52,14479999999;2,3;1,7;-;2,8;0;0;0;0;0
Três Cachoeiras;4321667;-29,44869999999;-49,9275;4,1;11,8;6,6;6,4;5,3;10,6;4,9;1,4;8
Três Coroas;4321709;-29,5137;-50,77389999999;32,4;19,7;30,1;22,5;12,1;14,9;9,1;0,2;6,7
Três de Maio;4321808;-27,78;-54,2357;5,6;5,1;8,4;7,6;8,2;6;6,2;0,2;4,6
Três Forquilhas;4321832;-29,53839999999;-50,07079999999;6;4,8;-;-;4,6;3,6;4,3;0;2,3
Três Palmeiras;4321857;-27,6139;-52,84369999999;8,9;8,8;4,8;5;6,2;7,8;3,5;0,7;9,1
Três Passos;4321907;-27,4555;-53,9296;9,4;9,6;6,4;5,9;4,2;2,6;2;0,5;3
Trindade do Sul;4321956;-27,5239;-52,8956;17,9;9,9;7,4;10,2;8;4,8;10,2;0,3;14,6
Triunfo;4322004;-29,92909999999;-51,7075;20,8;14;16,6;16,6;19,6;18,9;4,1;1,1;5,6
Tucunduva;4322103;-27,65729999999;-54,44389999999;4,9;11,7;5,9;2,1;5,8;4;4,7;2,1;5,7
Tunas;4322152;-29,10389999999;-52,9538;8,9;11,8;14,2;6;4,8;4,6;6,4;2,3;3,2
Tupanci do Sul;4322186;-27,92409999999;-51,5383;1,5;4,5;6,9;-;5;2,5;4,7;2,2;0
Tupanciretã;4322202;-29,08579999999;-53,84449999999;22,8;18,3;20,5;16,1;13,4;10,2;9,8;1,3;10,5
Tupandi;4322251;-29,4772;-51,4174;5,7;3,9;7;7,4;3,1;3,3;4,7;0,4;8,7
Tuparendi;4322301;-27,75979999999;-54,4814;2,5;0,4;4,3;1,7;3,3;2,7;3,7;0,2;11
Turuçu;4322327;-31,4173;-52,1706;16,4;18,4;10,1;11,4;7,8;4,1;5,1;0;13,7
Ubiretama;4322343;-28,0404;-54,68589999999;4,1;2,2;-;-;4,5;3,4;6,3;0,4;6
União da Serra;4322350;-28,7833;-52,0238;4,1;2,1;-;9,1;0;0;22,9;0;0
Unistalda;4322376;-29,03999999999;-55,15169999999;4,9;1,8;5,7;8;3,4;3,4;4,2;0,8;3,2
Uruguaiana;4322400;-29,76139999999;-57,08529999999;12,9;1,3;8;10,5;8,4;7,8;6,8;0,7;9,2
Vacaria;4322509;-28,50789999999;-50,9418;14,9;5,4;13,5;9,2;5,4;6,3;6;0,8;7,5
Vale do Sol;4322533;-29,59669999999;-52,6839;8,6;1,8;5,1;4,9;6,5;8,5;4,8;2,4;8,9
Vale Real;4322541;-29,3919;-51,25589999999;5,4;12,8;10,9;5,5;9,2;5,6;5,9;2,5;10,5
Vale Verde;4322525;-29,7864;-52,18569999999;4,9;7,6;10,3;6,5;16,1;15,5;5,2;0,3;12,6
Vanini;4322558;-28,4758;-51,8447;11,4;11,8;3,8;3,9;7,3;1,4;7,3;0,9;0
Venâncio Aires;4322608;-29,6143;-52,19319999999;8,4;7,8;4,6;4,1;4,7;4,4;2,4;1,9;4,9
Vera Cruz;4322707;-29,71839999999;-52,5152;19,3;16,9;2,4;15,3;9,4;8,1;6,2;0,5;13,3
Veranópolis;4322806;-28,9312;-51,5516;6,1;7;6,5;6,5;3,3;10,3;6,9;0,3;5,4
Vespasiano Correa;4322855;-29,0655;-51,8625;0;5,5;-;2,4;4,3;2,2;2,2;0,6;0
Viadutos;4322905;-27,5716;-52,02109999999;5,4;7,1;5,4;5,4;7,9;6,4;4,4;0,8;8,2
Viamão;4323002;-30,0819;-51,01939999999;10,8;11,8;15,2;12,6;7;6,6;4,4;1,1;5,3
Vicente Dutra;4323101;-27,16079999999;-53,4022;14,8;18,5;-;5,4;12,7;0;4;1,5;6,2
Victor Graeff;4323200;-28,56319999999;-52,74949999999;5,5;4,3;1;-;5,8;5,8;1,2;0,8;4,1
Vila Flores;4323309;-28,8598;-51,5504;4,5;4,7;5,1;9,8;4;2,3;2,3;0,4;1,5
Vila Lângaro;4323358;-28,1062;-52,14379999999;4,5;3,3;3,2;3,4;5,9;3,9;0;0,8;16,5
Vila Maria;4323408;-28,5359;-52,14869999999;2,9;-;2,1;1,6;3,9;0,8;0,8;0;4,2
Vila Nova do Sul;4323457;-30,3461;-53,87599999999;9,9;6,1;4,2;5;9,3;5,9;8,3;0,3;2
Vista Alegre;4323507;-27,3686;-53,4919;0;7;6,1;9;6,3;6,1;8;0,3;14,6
Vista Alegre do Prata;4323606;-28,80519999999;-51,7946;0;4,1;5,3;-;0;0;0;0;1,8
Vista Gaúcha;4323705;-27,29019999999;-53,6974;9,3;0,8;5,8;4;0;8,9;0;0;3,8
Vitória das Missões;4323754;-28,3516;-54,50399999999;6,4;6,4;10,8;4,7;9,8;0,9;0,8;1,3;33,8
Westfalia;4323770;-29,3744;-51,74629999999;6,5;11,1;3,8;0,9;3,4;2;3,8;0;2,9
Xangri-lá;4323804;-29,8065;-50,0519;12,7;11,7;8,3;21,3;16,9;0,5;10,8;2,4;2,2
