variavel: Total;;;;;;;;
caminho: /Educação/Ensino Médio/Número de Concluintes/Total;;;;;;;;
fonte: Secretaria de Educação do Rio Grande do Sul. ;;;;;;;;
agrupador: Município;;;;;;;;
descricao: ;;;;;;;;
Município;ibge;latitude;longitude;2010 (-);2011 (-);2012 (-);2013 (-);2014 (-)
Aceguá;4300034;-31,86075999999;-54,16705999999;36;42;29;34;34
Água Santa;4300059;-28,1672;-52,03099999999;50;42;25;39;42
Agudo;4300109;-29,6447;-53,2515;119;113;115;101;116
Ajuricaba;4300208;-28,2342;-53,7757;53;60;83;62;63
Alecrim;4300307;-27,6579;-54,76489999999;65;63;55;57;51
Alegrete;4300406;-29,79019999999;-55,79489999999;687;620;649;667;777
Alegria;4300455;-27,83449999999;-54,0557;41;42;33;52;41
Almirante Tamandaré do Sul;4300471;-28,10859999999;-52,9119;17;22;16;15;17
Alpestre;4300505;-27,2502;-53,0341;51;68;72;83;90
Alto Alegre;4300554;-28,7769;-52,98919999999;22;15;14;15;16
Alto Feliz;4300570;-29,3919;-51,3123;19;20;14;22;23
Alvorada;4300604;-29,99139999999;-51,0809;1210;1259;1371;1547;1623
Amaral Ferrador;4300638;-30,87559999999;-52,25099999999;60;62;63;67;49
Ametista do Sul;4300646;-27,3607;-53,183;84;64;64;80;65
André da Rocha;4300661;-28,62829999999;-51,5797;6;10;10;7;8
Anta Gorda;4300703;-28,96979999999;-52,01019999999;67;80;54;51;67
Antônio Prado;4300802;-28,8565;-51,2883;111;129;121;122;113
Arambaré;4300851;-30,9093;-51,5046;45;31;28;30;27
Araricá;4300877;-29,6168;-50,92909999999;30;42;47;38;68
Aratiba;4300901;-27,3978;-52,29749999999;91;73;83;85;73
Arroio do Meio;4301008;-29,40139999999;-51,9557;191;161;169;173;165
Arroio do Padre;4301073;-31,4316;-52,41709999999;39;38;30;47;46
Arroio do Sal;4301057;-29,5439;-49,88949999999;70;49;82;70;80
Arroio do Tigre;4301206;-29,3348;-53,0966;132;113;126;146;116
Arroio dos Ratos;4301107;-30,0875;-51,72749999999;68;84;86;101;79
Arroio Grande;4301305;-32,2327;-53,08619999999;82;86;69;92;138
Arvorezinha;4301404;-28,87369999999;-52,1781;118;105;92;81;93
Augusto Pestana;4301503;-28,51729999999;-53,9883;62;46;30;39;51
Áurea;4301552;-27,6936;-52,0505;57;27;51;39;39
Bagé;4301602;-31,32969999999;-54,09989999999;804;787;846;834;1159
Balneário Pinhal;4301636;-30,2419;-50,2336;45;50;47;64;58
Barão;4301651;-29,3725;-51,4949;79;60;67;59;59
Barão de Cotegipe;4301701;-27,62079999999;-52,3798;53;54;72;58;44
Barão do Triunfo;4301750;-30,38909999999;-51,73839999999;67;64;70;72;65
Barra do Guarita;4301859;-27,19269999999;-53,7109;18;27;34;31;27
Barra do Quaraí;4301875;-30,2029;-57,5497;29;26;30;26;32
Barra do Ribeiro;4301909;-30,2939;-51,3014;76;62;71;75;89
Barra do Rio Azul;4301925;-27,4068;-52,4084;23;19;22;22;20
Barra Funda;4301958;-27,9205;-53,03909999999;37;38;41;45;35
Barracão;4301800;-27,6739;-51,45859999999;42;58;43;61;56
Barros Cassal;4302006;-29,0947;-52,58359999999;89;116;87;100;78
Benjamin Constant do Sul;4302055;-27,5086;-52,59949999999;40;17;22;27;29
Bento Gonçalves;4302105;-29,1662;-51,5165;694;712;666;772;911
Boa Vista das Missões;4302154;-27,6671;-53,3102;12;23;19;23;17
Boa Vista do Buricá;4302204;-27,6693;-54,10819999999;54;48;64;61;87
Boa Vista do Cadeado;4302220;-28,5716;-53,8138;10;17;21;14;13
Boa Vista do Incra;4302238;-28,8092;-53,3874;24;24;15;22;25
Boa Vista do Sul;4302253;-29,35439999999;-51,6687;37;42;27;28;24
Bom Jesus;4302303;-28,66969999999;-50,42949999999;100;85;83;98;95
Bom Princípio;4302352;-29,4856;-51,35479999999;96;70;96;112;114
Bom Progresso;4302378;-27,53989999999;-53,8716;46;45;55;52;24
Bom Retiro do Sul;4302402;-29,60859999999;-51,94639999999;83;121;88;89;96
Boqueirão do Leão;4302451;-29,3046;-52,4284;56;70;61;74;50
Bossoroca;4302501;-28,72909999999;-54,9035;54;51;50;55;52
Bozano;4302584;-28,36746;-53,77223999999;11;14;25;16;14
Braga;4302600;-27,6173;-53,74049999999;31;32;41;33;32
Brochier;4302659;-29,5501;-51,59449999999;36;39;41;30;42
Butiá;4302709;-30,11789999999;-51,96009999999;169;153;176;197;150
Caçapava do Sul;4302808;-30,51439999999;-53,4827;229;168;223;221;288
Cacequi;4302907;-29,8883;-54,822;102;103;86;83;121
Cachoeira do Sul;4303004;-30,033;-52,8928;559;511;581;560;667
Cachoeirinha;4303103;-29,94719999999;-51,10159999999;1170;1068;1099;1045;1218
Cacique Doble;4303202;-27,76699999999;-51,6597;38;46;41;43;47
Caibaté;4303301;-28,2905;-54,6454;50;32;50;43;57
Caiçara;4303400;-27,2791;-53,42569999999;52;58;44;39;48
Camaquã;4303509;-30,8489;-51,80429999999;432;492;437;416;485
Camargo;4303558;-28,588;-52,20029999999;23;32;27;25;25
Cambará do Sul;4303608;-29,0474;-50,1465;52;48;54;56;55
Campestre da Serra;4303673;-28,7926;-51,09409999999;30;21;25;35;36
Campina das Missões;4303707;-27,9888;-54,8417;72;63;75;68;58
Campinas do Sul;4303806;-27,7174;-52,6248;52;56;46;48;49
Campo Bom;4303905;-29,6747;-51,0606;452;462;444;446;582
Campo Novo;4304002;-27,6792;-53,80519999999;43;47;44;64;41
Campos Borges;4304101;-28,8871;-53,00079999999;39;34;20;28;40
Candelária;4304200;-29,66839999999;-52,78949999999;175;216;201;187;222
Cândido Godói;4304309;-27,95149999999;-54,7517;73;51;60;61;73
Candiota;4304358;-31,5515;-53,6773;40;86;70;104;93
Canela;4304408;-29,356;-50,8119;439;361;361;328;358
Canguçu;4304507;-31,396;-52,67819999999;230;236;253;254;319
Canoas;4304606;-29,9128;-51,18569999999;2344;2065;2253;2311;2458
Canudos do Vale;4304614;-29,3187;-52,23449999999;33;19;20;24;25
Capão Bonito do Sul;4304622;-29,76419999999;-50,02819999999;11;13;25;19;22
Capão da Canoa;4304630;-29,6397;-49,95989999999;321;357;326;306;426
Capão do Cipó;4304655;-28,904;-54,7;21;20;20;33;31
Capão do Leão;4304663;-31,75649999999;-52,4889;35;47;51;51;112
Capela de Santana;4304689;-29,6961;-51,328;59;61;61;43;72
Capitão;4304697;-29,26739999999;-51,9853;22;30;35;34;40
Capivari do Sul;4304671;-30,1382;-50,51509999999;37;31;28;46;36
Caraá;4304713;-29,78689999999;-50,4316;44;41;57;52;49
Carazinho;4304705;-28,2958;-52,7933;536;486;494;515;527
Carlos Barbosa;4304804;-29,2969;-51,50289999999;229;210;280;203;255
Carlos Gomes;4304853;-27,71669999999;-51,9121;30;19;26;16;21
Casca;4304903;-28,5605;-51,98149999999;65;69;113;95;108
Caseiros;4304952;-28,25819999999;-51,6861;22;22;32;24;21
Catuípe;4305009;-28,2554;-54,01319999999;59;63;49;66;68
Caxias do Sul;4305108;-29,1629;-51,1792;3037;2871;3081;3387;3854
Centenário;4305116;-27,7616;-51,99839999999;29;32;29;30;19
Cerrito;4305124;-31,84189999999;-52,8004;47;58;51;40;39
Cerro Branco;4305132;-29,657;-52,9406;37;42;46;27;35
Cerro Grande;4305157;-27,6106;-53,1672;24;20;16;25;17
Cerro Grande do Sul;4305173;-30,59049999999;-51,74179999999;32;43;69;85;106
Cerro Largo;4305207;-28,1462;-54,7428;141;134;140;118;128
Chapada;4305306;-28,0559;-53,06649999999;78;79;93;81;93
Charqueadas;4305355;-29,9625;-51,6289;232;272;280;264;255
Charrua;4305371;-27,9493;-52,015;20;15;17;14;16
Chiapetta;4305405;-27,92299999999;-53,94189999999;35;32;28;27;21
Chuí;4305439;-33,68659999999;-53,4594;51;38;32;40;41
Chuvisca;4305447;-30,75039999999;-51,9737;31;41;46;49;40
Cidreira;4305454;-30,16039999999;-50,2338;68;73;83;64;91
Ciríaco;4305504;-28,34189999999;-51,87409999999;45;46;54;47;59
Colinas;4305587;-29,38149999999;-51,8526;19;17;13;13;20
Colorado;4305603;-28,5258;-52,9928;25;40;26;22;32
Condor;4305702;-28,2075;-53,49049999999;48;62;67;49;69
Constantina;4305801;-27,73199999999;-52,9938;93;85;86;103;87
Coqueiro Baixo;4305835;-29,1722;-52,0989;11;18;10;15;16
Coqueiros do Sul;4305850;-28,11939999999;-52,78419999999;24;18;27;28;22
Coronel Barros;4305871;-28,39219999999;-54,0686;26;14;23;23;27
Coronel Bicaco;4305900;-27,7197;-53,70219999999;48;39;55;39;41
Coronel Pilar;4305934;-29,2684;-51,68789999999;21;12;8;17;13
Cotiporã;4305959;-28,9891;-51,69709999999;32;46;40;23;33
Coxilha;4305975;-28,128;-52,3023;29;19;31;22;26
Crissiumal;4306007;-27,4999;-54,0994;146;126;141;144;144
Cristal;4306056;-31,0046;-52,04359999999;41;56;37;53;46
Cristal do Sul;4306072;-27,452;-53,24219999999;22;16;19;22;18
Cruz Alta;4306106;-28,645;-53,60479999999;447;421;435;465;501
Cruzaltense;4306130;-27,6644;-52,6492;28;25;28;27;24
Cruzeiro do Sul;4306205;-29,5148;-51,9928;87;70;88;86;72
David Canabarro;4306304;-28,38489999999;-51,84819999999;65;82;74;63;68
Derrubadas;4306320;-27,26419999999;-53,8645;32;29;31;30;36
Dezesseis de Novembro;4306353;-28,219;-55,0617;27;36;25;32;41
Dilermando de Aguiar;4306379;-29,7054;-54,2122;12;21;25;24;25
Dois Irmãos;4306403;-29,5836;-51,08979999999;160;177;194;198;251
Dois Irmãos das Missões;4306429;-27,66209999999;-53,5304;20;35;14;26;38
Dois Lajeados;4306452;-28,983;-51,83959999999;30;41;30;31;34
Dom Feliciano;4306502;-30,70039999999;-52,1026;45;64;51;67;107
Dom Pedrito;4306601;-30,9756;-54,6694;279;243;208;225;349
Dom Pedro de Alcântara;4306551;-29,3639;-49,853;24;21;21;21;24
Dona Francisca;4306700;-29,61949999999;-53,36169999999;31;36;13;23;12
Doutor Maurício Cardoso;4306734;-27,5103;-54,35779999999;40;66;57;49;57
Doutor Ricardo;4306759;-29,084;-51,9971;31;24;25;26;20
Eldorado do Sul;4306767;-30,0847;-51,61869999999;167;156;149;96;219
Encantado;4306809;-29,23509999999;-51,8703;168;175;187;159;185
Encruzilhada do Sul;4306908;-30,54299999999;-52,5204;209;192;197;215;166
Engenho Velho;4306924;-27,706;-52,91449999999;13;15;9;12;16
Entre Rios do Sul;4306957;-27,5298;-52,73469999999;28;27;40;41;24
Entre-ijuís;4306932;-28,3686;-54,26859999999;53;64;54;44;55
Erebango;4306973;-27,85439999999;-52,3005;27;22;15;15;27
Erechim;4307005;-27,63639999999;-52,2697;866;891;940;968;1039
Ernestina;4307054;-28,49769999999;-52,58359999999;29;28;24;27;22
Erval Grande;4307203;-27,3926;-52,57399999999;40;39;37;32;46
Erval Seco;4307302;-27,5443;-53,5005;51;50;55;68;42
Esmeralda;4307401;-28,0518;-51,1933;28;34;20;31;28
Esperança do Sul;4307450;-27,36029999999;-53,9891;15;16;15;30;22
Espumoso;4307500;-28,7286;-52,8461;108;128;105;133;128
Estação;4307559;-27,91349999999;-52,2635;42;36;48;40;64
Estância Velha;4307609;-29,6535;-51,1843;252;307;307;294;356
Esteio;4307708;-29,852;-51,1841;522;533;526;572;568
Estrela;4307807;-29,5016;-51,9605;259;234;230;280;346
Estrela Velha;4307815;-29,17129999999;-53,16389999999;25;37;30;28;22
Eugênio de Castro;4307831;-28,5315;-54,15059999999;20;14;15;22;17
Fagundes Varela;4307864;-28,8794;-51,7014;14;23;30;16;34
Farroupilha;4307906;-29,2227;-51,3419;539;531;529;609;584
Faxinal do Soturno;4308003;-29,5788;-53,44839999999;35;41;34;35;71
Faxinalzinho;4308052;-27,4238;-52,67889999999;22;26;33;30;26
Fazenda Vilanova;4308078;-29,5885;-51,8217;36;28;34;30;45
Feliz;4308102;-29,4527;-51,30319999999;95;105;86;112;128
Flores da Cunha;4308201;-29,02619999999;-51,1875;149;188;195;195;212
Floriano Peixoto;4308250;-27,8614;-52,08379999999;13;23;14;23;27
Fontoura Xavier;4308300;-28,9816;-52,34449999999;117;98;123;108;99
Formigueiro;4308409;-30,00349999999;-53,49589999999;42;56;70;50;51
Forquetinha;4308433;-29,3792;-52,0917;15;14;15;27;19
Fortaleza dos Valos;4308458;-28,7986;-53,22489999999;44;36;23;30;40
Frederico Westphalen;4308508;-27,35859999999;-53,3958;369;375;400;424;429
Garibaldi;4308607;-29,259;-51,5352;293;201;239;238;253
Garruchos;4308656;-28,1944;-55,6383;36;26;27;30;31
Gaurama;4308706;-27,58559999999;-52,0915;47;51;43;50;47
General Câmara;4308805;-29,90319999999;-51,7612;55;66;52;60;52
Gentil;4308854;-28,4316;-52,0337;13;18;13;17;13
Getúlio Vargas;4308904;-27,8911;-52,22939999999;124;144;107;123;136
Giruá;4309001;-28,02969999999;-54,3517;174;143;145;158;182
Glorinha;4309050;-29,87979999999;-50,7734;59;71;66;58;70
Gramado;4309100;-29,3733;-50,87619999999;227;238;195;281;277
Gramado dos Loureiros;4309126;-27,4429;-52,9149;26;15;21;30;12
Gramado Xavier;4309159;-29,2706;-52,5795;28;39;53;42;39
Gravataí;4309209;-29,94129999999;-50,98689999999;1870;1768;1876;1887;2012
Guabiju;4309258;-28,5421;-51,6948;21;12;15;23;14
Guaíba;4309308;-30,10859999999;-51,3233;642;577;595;704;770
Guaporé;4309407;-28,8399;-51,88949999999;264;291;306;287;256
Guarani das Missões;4309506;-28,1491;-54,56289999999;188;147;159;180;136
Harmonia;4309555;-29,5456;-51,4185;38;36;45;27;40
Herval;4307104;-32,024;-53,39439999999;38;26;30;44;64
Herveiras;4309571;-29,4552;-52,65529999999;20;24;21;28;37
Horizontina;4309605;-27,6282;-54,3053;200;174;217;197;215
Hulha Negra;4309654;-31,4067;-53,8667;53;69;56;63;72
Humaitá;4309704;-27,56909999999;-53,96949999999;58;48;52;36;38
Ibarama;4309753;-29,4203;-53,1295;24;37;39;37;30
Ibiaçá;4309803;-28,0566;-51,8599;46;34;31;30;24
Ibiraiaras;4309902;-28,37409999999;-51,6377;67;70;46;56;51
Ibirapuitã;4309951;-28,6247;-52,51579999999;44;51;41;43;38
Ibirubá;4310009;-28,63019999999;-53,0961;159;169;136;162;161
Igrejinha;4310108;-29,56929999999;-50,79189999999;266;228;296;247;300
Ijuí;4310207;-28,3881;-53,92;768;699;655;699;765
Ilópolis;4310306;-28,9282;-52,12579999999;46;41;48;44;33
Imbé;4310330;-29,9753;-50,1281;134;158;134;164;167
Imigrante;4310363;-29,3508;-51,7747;29;28;22;30;23
Independência;4310405;-27,8354;-54,1886;47;36;41;68;54
Inhacorá;4310413;-27,8752;-54,015;27;19;20;26;18
Ipê;4310439;-28,8171;-51,28589999999;51;47;47;75;59
Ipiranga do Sul;4310462;-27,9404;-52,4271;15;36;13;12;18
Iraí;4310504;-27,1951;-53,2543;68;68;40;73;75
Itaara;4310538;-29,60129999999;-53,7725;38;39;26;26;55
Itacurubi;4310553;-28,7913;-55,2447;38;34;32;28;28
Itapuca;4310579;-28,7768;-52,1693;22;13;24;19;14
Itaqui;4310603;-29,131;-56,55149999999;263;260;288;289;338
Itati;4310652;-29,48832;-50,11357999999;27;20;26;25;30
Itatiba do Sul;4310702;-27,38459999999;-52,4538;52;50;39;31;31
Ivorá;4310751;-29,52319999999;-53,5842;22;23;22;16;31
Ivoti;4310801;-29,59949999999;-51,1533;200;233;212;208;249
Jaboticaba;4310850;-27,63469999999;-53,2762;30;21;33;30;25
Jacuizinho;4310876;-29,02199999999;-53,05369999999;21;25;26;31;22
Jacutinga;4310900;-27,72909999999;-52,53719999999;46;39;45;49;36
Jaguarão;4311007;-32,5604;-53,377;155;141;163;159;158
Jaguari;4311106;-29,4936;-54,703;92;99;100;89;79
Jaquirana;4311122;-28,8811;-50,3637;34;24;32;33;32
Jari;4311130;-29,2922;-54,2237;18;14;25;16;21
Jóia;4311155;-28,6435;-54,1141;58;59;56;59;59
Júlio de Castilhos;4311205;-29,2298;-53,67719999999;112;126;113;155;180
Lagoa Bonita do Sul;4311239;-29,48819999999;-53,0138;23;29;36;25;29
Lagoa dos Três Cantos;4311270;-28,56759999999;-52,8618;13;14;10;8;10
Lagoa Vermelha;4311304;-28,20929999999;-51,52479999999;255;242;253;252;314
Lagoão;4311254;-29,2348;-52,7997;43;88;58;54;43
Lajeado;4311403;-29,45909999999;-51,96439999999;539;600;516;540;615
Lajeado do Bugre;4311429;-27,69129999999;-53,1818;13;17;26;21;27
Lavras do Sul;4311502;-30,80709999999;-53,89309999999;48;47;60;53;99
Liberato Salzano;4311601;-27,60099999999;-53,07529999999;55;45;64;44;42
Lindolfo Collor;4311627;-29,58589999999;-51,2141;40;46;39;32;51
Linha Nova;4311643;-29,4679;-51,20029999999;18;18;12;18;18
Maçambará;4311718;-29,1445;-56,06739999999;46;63;65;56;63
Machadinho;4311700;-27,5667;-51,6668;33;38;54;33;51
Mampituba;4311734;-29,2136;-49,9311;31;22;25;32;26
Manoel Viana;4311759;-29,58589999999;-55,48409999999;36;47;46;53;58
Maquiné;4311775;-29,6798;-50,2079;44;51;63;62;51
Maratá;4311791;-29,5457;-51,55729999999;27;35;29;39;20
Marau;4311809;-28,4498;-52,19859999999;253;270;281;304;320
Marcelino Ramos;4311908;-27,4676;-51,9095;37;43;52;44;63
Mariana Pimentel;4311981;-30,3531;-51,5803;37;34;43;32;30
Mariano Moro;4312005;-27,3568;-52,1467;25;31;21;20;18
Marques de Souza;4312054;-29,33109999999;-52,09729999999;31;24;24;22;37
Mata;4312104;-29,5649;-54,4641;32;36;37;44;46
Mato Castelhano;4312138;-28,28;-52,19319999999;28;30;27;30;21
Mato Leitão;4312153;-29,5285;-52,1278;32;44;35;31;41
Mato Queimado;4312179;-28,2475;-54,61919999999;11;20;14;14;11
Maximiliano de Almeida;4312203;-27,6325;-51,8021;33;50;46;46;53
Minas do Leão;4312252;-30,13459999999;-52,04229999999;36;45;50;33;35
Miraguaí;4312302;-27,497;-53,6891;134;98;64;69;74
Montauri;4312351;-28,6462;-52,0767;19;17;19;29;29
Monte Alegre dos Campos;4312377;-28,68049999999;-50,7834;22;41;34;38;27
Monte Belo do Sul;4312385;-29,16069999999;-51,63329999999;26;25;20;16;34
Montenegro;4312401;-29,6824;-51,4679;400;422;418;442;516
Mormaço;4312427;-28,6968;-52,6999;20;28;23;24;29
Morrinhos do Sul;4312443;-29,3578;-49,9328;43;39;44;36;32
Morro Redondo;4312450;-31,58869999999;-52,6261;44;32;41;39;30
Morro Reuter;4312476;-29,5379;-51,08109999999;51;47;51;42;52
Mostardas;4312500;-31,10539999999;-50,91669999999;92;99;108;89;111
Muçum;4312609;-29,163;-51,8714;44;35;52;44;53
Muitos Capões;4312617;-28,31319999999;-51,18359999999;27;26;22;20;28
Muliterno;4312625;-28,32529999999;-51,7697;14;21;21;10;12
Não-Me-Toque;4312658;-28,45479999999;-52,81819999999;64;68;22;103;103
Nicolau Vergueiro;4312674;-28,5298;-52,46759999999;22;16;12;16;12
Nonoai;4312708;-27,3689;-52,77559999999;77;88;106;130;110
Nova Alvorada;4312757;-28,6822;-52,1631;29;34;29;29;26
Nova Araçá;4312807;-28,6537;-51,7458;65;64;48;55;61
Nova Bassano;4312906;-28,72909999999;-51,7072;107;82;85;79;78
Nova Boa Vista;4312955;-27,99259999999;-52,9784;37;18;42;30;39
Nova Bréscia;4313003;-29,2182;-52,0319;48;40;46;33;36
Nova Candelária;4313011;-27,6137;-54,10739999999;38;27;27;21;25
Nova Esperança do Sul;4313037;-29,4066;-54,8293;38;62;49;38;48
Nova Hartz;4313060;-29,5807;-50,90509999999;224;212;200;214;190
Nova Pádua;4313086;-29,0275;-51,3098;39;16;28;31;21
Nova Palma;4313102;-29,471;-53,46889999999;42;54;43;57;72
Nova Petrópolis;4313201;-29,37409999999;-51,1135;132;153;164;164;150
Nova Prata;4313300;-28,7799;-51,6113;262;195;181;187;212
Nova Ramada;4313334;-28,0667;-53,69919999999;16;27;21;14;15
Nova Roma do Sul;4313359;-28,98819999999;-51,4095;51;46;35;29;47
Nova Santa Rita;4313375;-29,85249999999;-51,2837;109;103;150;172;149
Novo Barreiro;4313490;-27,90769999999;-53,1103;36;39;30;43;39
Novo Cabrais;4313391;-29,73379999999;-52,9489;29;40;47;38;36
Novo Hamburgo;4313409;-29,6876;-51,1328;2026;1747;1700;1814;2034
Novo Machado;4313425;-27,57649999999;-54,50359999999;26;29;28;22;23
Novo Tiradentes;4313441;-27,5649;-53,1837;28;25;18;28;26
Novo Xingu;4313466;-27,74309999999;-53,06159999999;26;23;27;19;16
Osório;4313508;-29,8881;-50,2667;426;451;352;354;401
Paim Filho;4313607;-27,7075;-51,76299999999;27;37;46;44;42
Palmares do Sul;4313656;-30,25349999999;-50,5103;56;49;54;65;61
Palmeira das Missões;4313706;-27,9006;-53,3134;315;285;302;332;298
Palmitinho;4313805;-27,3596;-53,558;71;77;85;86;87
Panambi;4313904;-28,2833;-53,50229999999;276;284;283;302;353
Pantano Grande;4313953;-30,1901;-52,3729;71;69;69;66;78
Paraí;4314001;-28,59639999999;-51,7896;87;63;92;79;66
Paraíso do Sul;4314027;-29,6717;-53,14399999999;37;24;38;46;50
Pareci Novo;4314035;-29,6365;-51,39739999999;26;35;25;29;32
Parobé;4314050;-29,6243;-50,8312;312;313;334;344;403
Passa Sete;4314068;-29,45769999999;-52,95989999999;50;47;46;57;37
Passo do Sobrado;4314076;-29,748;-52,27479999999;58;48;41;59;43
Passo Fundo;4314100;-28,2576;-52,4091;1200;1331;1293;1528;1682
Paulo Bento;4314134;-27,6978;-52,42609999999;16;16;23;9;12
Paverama;4314159;-29,5485;-51,73389999999;59;61;65;53;62
Pedras Altas;4314175;-31,72169999999;-53,58379999999;17;9;9;11;16
Pedro Osório;4314209;-31,8642;-52,81839999999;56;28;41;59;43
Pejuçara;4314308;-28,4283;-53,65789999999;37;41;43;33;37
Pelotas;4314407;-31,7649;-52,3371;2172;2170;1994;2114;2412
Picada Café;4314423;-29,4464;-51,13669999999;68;53;67;64;65
Pinhal;4314456;-27,50799999999;-53,20819999999;17;33;21;31;26
Pinhal da Serra;4314464;-27,86339999999;-51,1702;16;14;23;18;20
Pinhal Grande;4314472;-29,34499999999;-53,3207;43;41;52;51;45
Pinheirinho do Vale;4314498;-27,21089999999;-53,60799999999;35;49;36;41;39
Pinheiro Machado;4314506;-31,5794;-53,3798;42;46;43;53;69
Pinto Bandeira;4314548;-29;-54;-;-;-;22;24
Pirapó;4314555;-28,0439;-55,20009999999;33;22;31;31;33
Piratini;4314605;-31,44729999999;-53,09729999999;101;125;100;115;131
Planalto;4314704;-27,32969999999;-53,0575;122;116;111;87;108
Poço das Antas;4314753;-29,4481;-51,6719;25;29;13;19;23
Pontão;4314779;-28,05849999999;-52,67909999999;27;30;42;32;55
Ponte Preta;4314787;-27,6587;-52,4848;15;15;13;17;17
Portão;4314803;-29,70149999999;-51,24289999999;202;196;166;227;238
Porto Alegre;4314902;-30,032778;-51,23;9466;9021;9570;9414;10279
Porto Lucena;4315008;-27,8569;-55,00999999999;36;38;27;26;33
Porto Mauá;4315057;-27,57959999999;-54,6657;31;28;20;21;21
Porto Vera Cruz;4315073;-27,7405;-54,8994;23;24;19;30;18
Porto Xavier;4315107;-27,9082;-55,1379;128;129;129;147;124
Pouso Novo;4315131;-29,1738;-52,2136;10;27;17;17;13
Presidente Lucena;4315149;-29,5176;-51,1798;25;27;25;23;24
Progresso;4315156;-29,24419999999;-52,31969999999;79;67;58;56;65
Protásio Alves;4315172;-28,7572;-51,4757;30;21;19;19;9
Putinga;4315206;-29,0045;-52,1569;36;45;34;46;22
Quaraí;4315305;-30,384;-56,4483;179;153;110;184;197
Quatro Irmãos;4315313;-27,81629999999;-52,44189999999;14;12;8;24;8
Quevedos;4315321;-29,3504;-54,07889999999;18;20;15;15;29
Quinze de Novembro;4315354;-28,7465;-53,1011;33;39;19;30;27
Redentora;4315404;-27,664;-53,6407;61;70;73;64;63
Relvado;4315453;-29,11639999999;-52,0778;26;19;13;14;27
Restinga Sêca;4315503;-29,8188;-53,38069999999;51;74;70;89;129
Rio dos Índios;4315552;-27,2973;-52,8417;22;41;34;22;34
Rio Grande;4315602;-32,0349;-52,1071;1192;1048;1122;1196;1312
Rio Pardo;4315701;-29,988;-52,37109999999;271;240;277;255;259
Riozinho;4315750;-29,63899999999;-50,44879999999;40;42;33;35;42
Roca Sales;4315800;-29,28839999999;-51,8658;86;78;99;70;104
Rodeio Bonito;4315909;-27,4742;-53,1706;52;31;46;62;51
Rolador;4315958;-28,25767;-54,81864;24;26;27;28;26
Rolante;4316006;-29,6462;-50,58189999999;132;149;136;86;153
Ronda Alta;4316105;-27,7758;-52,80559999999;71;62;69;60;67
Rondinha;4316204;-27,83149999999;-52,90809999999;76;75;70;75;68
Roque Gonzales;4316303;-28,1297;-55,0266;50;46;43;50;52
Rosário do Sul;4316402;-30,2515;-54,9221;218;252;277;214;292
Sagrada Família;4316428;-27,7085;-53,1351;20;31;31;28;30
Saldanha Marinho;4316436;-28,3941;-53,097;40;27;35;25;26
Salto do Jacuí;4316451;-29,09509999999;-53,21329999999;108;86;85;81;89
Salvador das Missões;4316477;-28,1233;-54,83729999999;30;23;27;24;30
Salvador do Sul;4316501;-29,4386;-51,5077;88;62;80;87;93
Sananduva;4316600;-27,94699999999;-51,80789999999;73;106;135;83;128
Santa Bárbara do Sul;4316709;-28,3653;-53,25099999999;88;96;103;85;97
Santa Cecília do Sul;4316733;-28,1537;-51,9296;17;16;15;9;11
Santa Clara do Sul;4316758;-29,47469999999;-52,08429999999;56;42;53;58;50
Santa Cruz do Sul;4316808;-29,722;-52,4343;798;809;862;917;862
Santa Margarida do Sul;4316972;-30,32959999999;-54,08229999999;-;13;16;10;15
Santa Maria;4316907;-29,6868;-53,81499999999;1777;1718;1855;1944;2126
Santa Maria do Herval;4316956;-29,4902;-50,9919;51;48;58;51;75
Santa Rosa;4317202;-27,8702;-54,47959999999;703;651;703;765;793
Santa Tereza;4317251;-29,1655;-51,7351;6;12;13;15;18
Santa Vitória do Palmar;4317301;-33,52499999999;-53,37169999999;243;199;193;240;303
Santana da Boa Vista;4317004;-30,8697;-53,10999999999;62;62;56;53;28
Santana do Livramento;4317103;-30,88769999999;-55,5315;660;587;727;670;691
Santiago;4317400;-29,18969999999;-54,86659999999;392;363;370;448;511
Santo Ângelo;4317509;-28,3001;-54,2668;678;689;666;674;742
Santo Antônio da Patrulha;4317608;-29,82679999999;-50,51749999999;325;301;346;322;321
Santo Antônio das Missões;4317707;-28,51399999999;-55,22509999999;78;73;81;76;112
Santo Antônio do Palma;4317558;-28,4956;-52,02669999999;27;16;21;13;31
Santo Antônio do Planalto;4317756;-28,40309999999;-52,69919999999;16;12;19;15;12
Santo Augusto;4317806;-27,85259999999;-53,7776;104;136;131;148;172
Santo Cristo;4317905;-27,8263;-54,66199999999;116;129;104;115;120
Santo Expedito do Sul;4317954;-27,90739999999;-51,6433;35;37;38;28;31
São Borja;4318002;-28,6578;-56,00359999999;419;500;493;591;615
São Domingos do Sul;4318051;-28,53119999999;-51,886;37;32;30;45;28
São Francisco de Assis;4318101;-29,5547;-55,1253;150;189;187;192;204
São Francisco de Paula;4318200;-29,4404;-50,58279999999;115;125;110;137;169
São Gabriel;4318309;-30,3337;-54,3217;369;381;351;415;492
São Jerônimo;4318408;-29,97159999999;-51,72509999999;81;89;121;93;111
São João da Urtiga;4318424;-27,8195;-51,82569999999;50;63;59;49;50
São João do Polêsine;4318432;-29,61939999999;-53,44389999999;19;29;25;21;27
São Jorge;4318440;-28,4984;-51,7064;25;38;41;48;23
São José das Missões;4318457;-27,7789;-53,12259999999;10;36;28;29;29
São José do Herval;4318465;-29,052;-52,295;22;34;-;24;20
São José do Hortêncio;4318481;-29,52799999999;-51,245;29;22;36;42;29
São José do Inhacorá;4318499;-27,7251;-54,12749999999;18;29;20;31;25
São José do Norte;4318507;-32,01509999999;-52,03309999999;122;131;113;116;145
São José do Ouro;4318606;-27,7707;-51,5966;69;89;49;89;59
São José do Sul;4318614;-29,529;-51,48709999999;17;17;19;28;17
São José dos Ausentes;4318622;-28,74759999999;-50,0677;32;26;38;33;42
São Leopoldo;4318705;-29,7545;-51,14979999999;1340;1279;1160;1303;1301
São Lourenço do Sul;4318804;-31,3564;-51,97149999999;273;275;239;220;270
São Luiz Gonzaga;4318903;-28,41199999999;-54,9559;345;333;316;353;390
São Marcos;4319000;-28,9677;-51,0696;143;139;118;138;161
São Martinho;4319109;-27,7112;-53,9699;54;46;38;36;38
São Martinho da Serra;4319125;-29,5397;-53,859;20;16;20;22;14
São Miguel das Missões;4319158;-28,556;-54,5559;47;46;63;57;81
São Nicolau;4319208;-28,18339999999;-55,2654;61;40;43;49;44
São Paulo das Missões;4319307;-28,0195;-54,94039999999;55;69;67;45;62
São Pedro da Serra;4319356;-29,4193;-51,51339999999;-;-;-;-;0
São Pedro das Missões;4319364;-27,77321999999;-53,25047;17;15;25;20;23
São Pedro do Butiá;4319372;-28,1243;-54,8926;34;26;35;31;27
São Pedro do Sul;4319406;-29,6202;-54,18549999999;73;80;61;48;114
São Sebastião do Caí;4319505;-29,5885;-51,37489999999;149;155;172;150;205
São Sepé;4319604;-30,1643;-53,56029999999;117;104;99;109;80
São Valentim;4319703;-27,55829999999;-52,52369999999;46;51;39;36;31
São Valentim do Sul;4319711;-29,0451;-51,7684;17;24;18;12;19
São Valério do Sul;4319737;-27,7906;-53,93679999999;8;14;13;13;15
São Vendelino;4319752;-29,3729;-51,3675;33;22;29;25;31
São Vicente do Sul;4319802;-29,68819999999;-54,6826;93;72;110;101;134
Sapiranga;4319901;-29,63489999999;-51,0065;517;582;636;563;598
Sapucaia do Sul;4320008;-29,8276;-51,145;543;502;662;618;926
Sarandi;4320107;-27,942;-52,92309999999;123;116;140;151;132
Seberi;4320206;-27,4829;-53,4026;90;77;111;98;70
Sede Nova;4320230;-27,6367;-53,9493;33;20;17;23;25
Segredo;4320263;-29,3523;-52,9767;28;42;43;41;53
Selbach;4320305;-28,6294;-52,9498;48;26;32;28;39
Senador Salgado Filho;4320321;-28,025;-54,55069999999;22;28;21;33;44
Sentinela do Sul;4320354;-30,6107;-51,58619999999;49;36;50;19;27
Serafina Corrêa;4320404;-28,71259999999;-51,93529999999;90;100;108;114;122
Sério;4320453;-29,3904;-52,2685;25;20;19;20;29
Sertão;4320503;-27,9798;-52,2588;154;68;155;133;154
Sertão Santana;4320552;-30,45619999999;-51,6017;51;54;62;54;59
Sete de Setembro;4320578;-28,13619999999;-54,4637;27;14;34;14;33
Severiano de Almeida;4320602;-27,43619999999;-52,12169999999;45;46;55;33;37
Silveira Martins;4320651;-29,64669999999;-53,591;22;22;24;19;36
Sinimbu;4320677;-29,53569999999;-52,5305;92;82;75;85;44
Sobradinho;4320701;-29,4194;-53,0326;125;141;96;104;120
Soledade;4320800;-28,8306;-52,5131;245;269;257;274;260
Tabaí;4320859;-29,643;-51,68229999999;44;40;51;48;35
Tapejara;4320909;-28,0652;-52,0097;157;158;175;159;161
Tapera;4321006;-28,6277;-52,86119999999;93;109;103;83;104
Tapes;4321105;-30,66829999999;-51,39909999999;91;99;94;98;70
Taquara;4321204;-29,6505;-50,7753;597;606;572;557;565
Taquari;4321303;-29,7943;-51,86529999999;239;226;228;177;227
Taquaruçu do Sul;4321329;-27,4004;-53,4703;24;16;19;20;20
Tavares;4321352;-31,2843;-51,088;46;38;49;43;53
Tenente Portela;4321402;-27,37109999999;-53,75849999999;125;122;156;139;122
Terra de Areia;4321436;-29,57819999999;-50,06439999999;54;80;63;56;58
Teutônia;4321451;-29,4482;-51,8044;273;238;263;271;280
Tio Hugo;4321469;-28,57404;-52,5949;30;15;22;31;20
Tiradentes do Sul;4321477;-27,4022;-54,0814;50;45;54;51;56
Toropi;4321493;-29,4782;-54,2244;33;25;32;25;29
Torres;4321501;-29,3334;-49,7333;288;314;261;337;312
Tramandaí;4321600;-29,9841;-50,13219999999;276;262;282;315;387
Travesseiro;4321626;-29,29769999999;-52,05319999999;14;22;23;20;17
Três Arroios;4321634;-27,50029999999;-52,14479999999;43;42;42;27;21
Três Cachoeiras;4321667;-29,44869999999;-49,9275;86;93;99;73;89
Três Coroas;4321709;-29,5137;-50,77389999999;107;121;117;138;171
Três de Maio;4321808;-27,78;-54,2357;269;207;280;263;205
Três Forquilhas;4321832;-29,53839999999;-50,07079999999;18;26;26;27;26
Três Palmeiras;4321857;-27,6139;-52,84369999999;39;60;61;51;51
Três Passos;4321907;-27,4555;-53,9296;222;197;193;209;238
Trindade do Sul;4321956;-27,5239;-52,8956;37;42;39;71;65
Triunfo;4322004;-29,92909999999;-51,7075;247;272;346;298;303
Tucunduva;4322103;-27,65729999999;-54,44389999999;41;38;50;45;59
Tunas;4322152;-29,10389999999;-52,9538;57;49;52;51;52
Tupanci do Sul;4322186;-27,92409999999;-51,5383;15;19;21;20;7
Tupanciretã;4322202;-29,08579999999;-53,84449999999;120;123;95;128;167
Tupandi;4322251;-29,4772;-51,4174;32;30;42;46;38
Tuparendi;4322301;-27,75979999999;-54,4814;83;65;65;53;69
Turuçu;4322327;-31,4173;-52,1706;37;29;24;37;55
Ubiretama;4322343;-28,0404;-54,68589999999;32;25;24;25;36
União da Serra;4322350;-28,7833;-52,0238;9;14;14;15;17
Unistalda;4322376;-29,03999999999;-55,15169999999;37;18;34;42;35
Uruguaiana;4322400;-29,76139999999;-57,08529999999;1024;1159;1096;1098;1312
Vacaria;4322509;-28,50789999999;-50,9418;443;449;476;414;518
Vale do Sol;4322533;-29,59669999999;-52,6839;44;41;42;62;40
Vale Real;4322541;-29,3919;-51,25589999999;25;34;41;27;32
Vale Verde;4322525;-29,7864;-52,18569999999;32;40;26;23;34
Vanini;4322558;-28,4758;-51,8447;20;29;26;21;24
Venâncio Aires;4322608;-29,6143;-52,19319999999;513;538;527;434;534
Vera Cruz;4322707;-29,71839999999;-52,5152;168;193;189;204;184
Veranópolis;4322806;-28,9312;-51,5516;241;198;181;230;203
Vespasiano Correa;4322855;-29,0655;-51,8625;11;19;18;12;14
Viadutos;4322905;-27,5716;-52,02109999999;66;72;66;52;53
Viamão;4323002;-30,0819;-51,01939999999;1551;1582;1508;1626;1753
Vicente Dutra;4323101;-27,16079999999;-53,4022;39;46;44;42;39
Victor Graeff;4323200;-28,56319999999;-52,74949999999;36;40;26;26;29
Vila Flores;4323309;-28,8598;-51,5504;27;33;34;36;28
Vila Lângaro;4323358;-28,1062;-52,14379999999;14;27;31;21;26
Vila Maria;4323408;-28,5359;-52,14869999999;45;44;45;42;41
Vila Nova do Sul;4323457;-30,3461;-53,87599999999;34;27;25;26;32
Vista Alegre;4323507;-27,3686;-53,4919;30;34;26;20;33
Vista Alegre do Prata;4323606;-28,80519999999;-51,7946;19;16;11;15;10
Vista Gaúcha;4323705;-27,29019999999;-53,6974;30;49;27;35;36
Vitória das Missões;4323754;-28,3516;-54,50399999999;33;25;33;35;24
Westfalia;4323770;-29,3744;-51,74629999999;32;21;29;27;37
Xangri-lá;4323804;-29,8065;-50,0519;96;78;77;57;53
